battle_id,player_won_proba
0,0.17006715
1,0.9302745
2,0.5001681
3,0.9896104
4,0.655145
5,0.7711174
6,0.9743497
7,0.7068242
8,0.95733136
9,0.98925453
10,0.826544
11,0.5244467
12,0.64263785
13,0.15121663
14,0.64286584
15,0.121829055
16,0.7865664
17,0.81943625
18,0.77795285
19,0.9280839
20,0.19177316
21,0.7532788
22,0.9856194
23,0.894838
24,0.7553671
25,0.7971082
26,0.5251571
27,0.9653894
28,0.65017164
29,0.8345693
30,0.9719142
31,0.9981365
32,0.61400855
33,0.5647589
34,0.9255489
35,0.9517747
36,0.42113826
37,0.5129255
38,0.26551604
39,0.21262354
40,0.5265713
41,0.9840389
42,0.9148681
43,0.84880435
44,0.94068444
45,0.9878961
46,0.5803478
47,0.8487103
48,0.93413657
49,0.85238326
50,0.92660403
51,0.35994837
52,0.7750754
53,0.2794033
54,0.74430907
55,0.8368651
56,0.99583685
57,0.8463474
58,0.9417855
59,0.37062094
60,0.82925963
61,0.28824097
62,0.9892366
63,0.013507288
64,0.49182588
65,0.3484723
66,0.9892646
67,0.9881921
68,0.99447393
69,0.65398014
70,0.9277257
71,0.96452785
72,0.9595723
73,0.94108474
74,0.8417239
75,0.21163276
76,0.9468932
77,0.61373705
78,0.922854
79,0.17464495
80,0.9964135
81,0.625945
82,0.9405237
83,0.7461086
84,0.9614956
85,0.7924233
86,0.4750868
87,0.74129313
88,0.9684759
89,0.9953592
90,0.7168828
91,0.72780186
92,0.9806239
93,0.9927608
94,0.49229145
95,0.9558598
96,0.98337626
97,0.9918056
98,0.974969
99,0.95681524
100,0.85612226
101,0.9554481
102,0.97970724
103,0.9574555
104,0.48996922
105,0.19401516
106,0.7586007
107,0.9589041
108,0.85764784
109,0.7624202
110,0.9589835
111,0.97102123
112,0.99610925
113,0.9876177
114,0.9881035
115,0.7695703
116,0.88897663
117,0.9133402
118,0.956298
119,0.96741456
120,0.9921338
121,0.9937845
122,0.9286234
123,0.29867637
124,0.88358235
125,0.9855465
126,0.98822373
127,0.9896658
128,0.9737778
129,0.8936586
130,0.9720076
131,0.97421116
132,0.9395005
133,0.9941024
134,0.7401782
135,0.9353946
136,0.11819976
137,0.8297677
138,0.93596745
139,0.9556872
140,0.034137007
141,0.39468834
142,0.98006046
143,0.985079
144,0.97315663
145,0.9713579
146,0.87719554
147,0.8458702
148,0.9909746
149,0.957314
150,0.9183578
151,0.9234101
152,0.9874085
153,0.84250706
154,0.52792966
155,0.92147005
156,0.3581866
157,0.94000584
158,0.969984
159,0.9409153
160,0.97402906
161,0.035383776
162,0.96640027
163,0.7329646
164,0.015192837
165,0.974025
166,0.9359143
167,0.176297
168,0.8567491
169,0.9616761
170,0.9069526
171,0.9656295
172,0.9713025
173,0.974126
174,0.92151916
175,0.9843039
176,0.98324233
177,0.119507834
178,0.9761978
179,0.8385703
180,0.98614216
181,0.93713826
182,0.9108514
183,0.9614735
184,0.9416677
185,0.9518512
186,0.79468304
187,0.9406345
188,0.9333747
189,0.9887641
190,0.9397733
191,0.8752778
192,0.9834668
193,0.8319154
194,0.89428777
195,0.9833861
196,0.9637365
197,0.9491924
198,0.9070778
199,0.725948
200,0.9570966
201,0.8657833
202,0.9696074
203,0.9449558
204,0.9280796
205,0.8846008
206,0.87686664
207,0.9647578
208,0.87818277
209,0.99641246
210,0.8610119
211,0.9618906
212,0.37674683
213,0.9812083
214,0.9747931
215,0.9412429
216,0.9019167
217,0.6263731
218,0.9789791
219,0.9762427
220,0.9120194
221,0.8972147
222,0.950058
223,0.98006994
224,0.89835197
225,0.96218693
226,0.9500269
227,0.727643
228,0.873706
229,0.8115368
230,0.99499923
231,0.96646017
232,0.8405963
233,0.8734851
234,0.96947086
235,0.9883314
236,0.9622499
237,0.9907673
238,0.0105731115
239,0.98707676
240,0.9400216
241,0.18019065
242,0.4902211
243,0.9984216
244,0.2944106
245,0.78019226
246,0.8255949
247,0.30508965
248,0.7534349
249,0.9525738
250,0.0604892
251,0.9325996
252,0.9953148
253,0.12473161
254,0.94098026
255,0.9507595
256,0.9683581
257,0.10269403
258,0.13730454
259,0.9488711
260,0.9671038
261,0.9238209
262,0.76105124
263,0.7266769
264,0.9609811
265,0.9373791
266,0.98155755
267,0.92542166
268,0.16505183
269,0.8321571
270,0.9330972
271,0.47856283
272,0.9113104
273,0.78140587
274,0.77672255
275,0.9553449
276,0.95197546
277,0.9525874
278,0.9419141
279,0.5372477
280,0.96660465
281,0.60209894
282,0.94400454
283,0.9067572
284,0.9835081
285,0.9858931
286,0.943589
287,0.9771454
288,0.9519552
289,0.14890724
290,0.843903
291,0.9667128
292,0.97487503
293,0.806747
294,0.9697009
295,0.9889789
296,0.6480864
297,0.83423775
298,0.043306574
299,0.9707542
300,0.06944815
301,0.9221209
302,0.97355664
303,0.966799
304,0.8730819
305,0.84604263
306,0.8001456
307,0.24492666
308,0.8136666
309,0.9859671
310,0.98868483
311,0.9719856
312,0.9051883
313,0.93889034
314,0.9514618
315,0.9440637
316,0.9401974
317,0.8985408
318,0.975913
319,0.97707456
320,0.955872
321,0.9882837
322,0.9729333
323,0.9572352
324,0.99512416
325,0.12900636
326,0.7873878
327,0.7810652
328,0.044294376
329,0.8924897
330,0.91193616
331,0.8162343
332,0.814474
333,0.8757612
334,0.8536945
335,0.9662612
336,0.88041365
337,0.95187795
338,0.88494766
339,0.9417265
340,0.83824414
341,0.99040765
342,0.88113993
343,0.80095965
344,0.8315718
345,0.07647365
346,0.98327535
347,0.55771744
348,0.7853214
349,0.94141954
350,0.96426135
351,0.9640358
352,0.9470433
353,0.9193682
354,0.9116519
355,0.9833752
356,0.8855226
357,0.9903072
358,0.9423435
359,0.94392365
360,0.8615305
361,0.5243976
362,0.47419634
363,0.97311896
364,0.95987904
365,0.95663387
366,0.9758434
367,0.8954858
368,0.9614321
369,0.93265563
370,0.97220445
371,0.9877721
372,0.9087272
373,0.88923466
374,0.885214
375,0.9822288
376,0.9192901
377,0.95788765
378,0.88882035
379,0.9887709
380,0.054900628
381,0.9818836
382,0.9841332
383,0.6830109
384,0.5576349
385,0.9191059
386,0.8233626
387,0.3591861
388,0.18593119
389,0.9523029
390,0.9630467
391,0.90698016
392,0.93498075
393,0.9224686
394,0.8982554
395,0.8938446
396,0.41514724
397,0.9672455
398,0.9357285
399,0.97408277
400,0.055675957
401,0.9205088
402,0.9361463
403,0.98509943
404,0.84791636
405,0.8332825
406,0.9864434
407,0.9577171
408,0.56387275
409,0.51618445
410,0.8936196
411,0.8927237
412,0.11580719
413,0.7450933
414,0.97317713
415,0.981146
416,0.88703364
417,0.9866643
418,0.19607902
419,0.98788154
420,0.87473565
421,0.29078436
422,0.94502336
423,0.8809013
424,0.9153722
425,0.90726876
426,0.036916863
427,0.64863795
428,0.9898157
429,0.9434106
430,0.5825204
431,0.82310516
432,0.059886944
433,0.3474041
434,0.97324413
435,0.46712443
436,0.48777643
437,0.92935485
438,0.17512605
439,0.35217848
440,0.9683724
441,0.9806488
442,0.28010213
443,0.9878613
444,0.91858745
445,0.98151463
446,0.82457584
447,0.879752
448,0.40123412
449,0.69408685
450,0.9800318
451,0.16815132
452,0.36175126
453,0.8959625
454,0.95756274
455,0.9595791
456,0.89064753
457,0.5801903
458,0.98762935
459,0.86704916
460,0.920581
461,0.9606003
462,0.3051312
463,0.87428963
464,0.8862442
465,0.9500385
466,0.9423641
467,0.060675774
468,0.8677712
469,0.74459076
470,0.966557
471,0.97150254
472,0.9813773
473,0.95431054
474,0.9526168
475,0.813983
476,0.022639373
477,0.7578115
478,0.98629177
479,0.7097842
480,0.972597
481,0.906528
482,0.7525186
483,0.9386387
484,0.9375637
485,0.8100715
486,0.91781527
487,0.8554159
488,0.7989707
489,0.5286112
490,0.91455245
491,0.9642181
492,0.98646516
493,0.9924298
494,0.93059677
495,0.38054034
496,0.63167924
497,0.9100959
498,0.9197398
499,0.76863855
500,0.95174676
501,0.9720084
502,0.9695562
503,0.98711026
504,0.87984306
505,0.93318003
506,0.9429478
507,0.96971107
508,0.20020421
509,0.9486484
510,0.86395586
511,0.85688555
512,0.9674334
513,0.94971955
514,0.042935126
515,0.9509532
516,0.93227756
517,0.9566049
518,0.99542
519,0.9567886
520,0.9134259
521,0.9829676
522,0.5714491
523,0.97877944
524,0.97109467
525,0.78758556
526,0.8408877
527,0.96597815
528,0.94512737
529,0.6002185
530,0.96109825
531,0.9259353
532,0.987292
533,0.95366186
534,0.9881443
535,0.8398512
536,0.59812343
537,0.9882749
538,0.79603916
539,0.92535824
540,0.37766403
541,0.9622763
542,0.8302098
543,0.95844746
544,0.97486466
545,0.8657773
546,0.75760543
547,0.5506373
548,0.95288193
549,0.97558546
550,0.89339125
551,0.9320907
552,0.09309363
553,0.9226387
554,0.7832029
555,0.14373152
556,0.43264908
557,0.9298024
558,0.9305469
559,0.9098698
560,0.89041084
561,0.15546513
562,0.25896153
563,0.9109526
564,0.94346446
565,0.94405097
566,0.86050236
567,0.9693701
568,0.96068615
569,0.95998645
570,0.92577183
571,0.7239761
572,0.90683585
573,0.7822898
574,0.8472431
575,0.87882155
576,0.94620144
577,0.866443
578,0.91797656
579,0.9879437
580,0.7744303
581,0.08173974
582,0.9221991
583,0.090597644
584,0.93834406
585,0.8125176
586,0.9295656
587,0.8174162
588,0.9464768
589,0.105828755
590,0.19834073
591,0.983832
592,0.90510577
593,0.97535574
594,0.9169578
595,0.88421535
596,0.9773121
597,0.92944753
598,0.86340916
599,0.75637156
600,0.5827967
601,0.79185116
602,0.9181229
603,0.96226805
604,0.9616208
605,0.472646
606,0.42095894
607,0.8960589
608,0.9190943
609,0.15277205
610,0.864545
611,0.81723183
612,0.8742761
613,0.53384465
614,0.95440215
615,0.972713
616,0.08599156
617,0.9137036
618,0.05281531
619,0.97621834
620,0.80209666
621,0.97983897
622,0.9122415
623,0.8622456
624,0.6110823
625,0.94074535
626,0.92745364
627,0.36492136
628,0.87974435
629,0.72561073
630,0.948999
631,0.5940296
632,0.68966895
633,0.9863137
634,0.9778356
635,0.98776376
636,0.07982024
637,0.9560948
638,0.9664224
639,0.67904377
640,0.88771737
641,0.75140935
642,0.9502682
643,0.7213178
644,0.9453915
645,0.7209051
646,0.58769935
647,0.7872826
648,0.86528563
649,0.9638268
650,0.038829822
651,0.94275147
652,0.9294454
653,0.9802584
654,0.88945717
655,0.9447063
656,0.9010547
657,0.9860186
658,0.7003016
659,0.9542597
660,0.09863674
661,0.8659819
662,0.9217225
663,0.0550981
664,0.9630779
665,0.9559418
666,0.92255014
667,0.949925
668,0.029922174
669,0.76245695
670,0.9824347
671,0.9116259
672,0.97340715
673,0.87666106
674,0.96786094
675,0.78074145
676,0.69698477
677,0.3865353
678,0.73274
679,0.9530838
680,0.2580056
681,0.6831558
682,0.93580616
683,0.9824777
684,0.7715853
685,0.8791488
686,0.9126033
687,0.9219398
688,0.96786875
689,0.93351626
690,0.95449626
691,0.8353268
692,0.8859846
693,0.11247998
694,0.97656256
695,0.9825754
696,0.063245654
697,0.9414658
698,0.40790078
699,0.8376727
700,0.6719148
701,0.104111835
702,0.52952343
703,0.90521216
704,0.9195539
705,0.67430735
706,0.37911823
707,0.97133785
708,0.8030944
709,0.9539583
710,0.8979825
711,0.46286055
712,0.8124394
713,0.9086374
714,0.40441865
715,0.91109157
716,0.93023086
717,0.98629063
718,0.9752179
719,0.98993903
720,0.9526751
721,0.96723765
722,0.9504528
723,0.94224226
724,0.9379932
725,0.18629803
726,0.93574655
727,0.95899624
728,0.8313416
729,0.91806614
730,0.9043462
731,0.96937376
732,0.8277717
733,0.92367095
734,0.98767656
735,0.96768665
736,0.8966965
737,0.8694707
738,0.78915095
739,0.42859966
740,0.9671606
741,0.8794661
742,0.83397645
743,0.8942804
744,0.16617405
745,0.9423672
746,0.21004933
747,0.42594436
748,0.19681571
749,0.98385674
750,0.90631914
751,0.829442
752,0.868075
753,0.9744818
754,0.9613028
755,0.94532394
756,0.92570156
757,0.96152794
758,0.9178836
759,0.9802127
760,0.9794855
761,0.90121436
762,0.97119844
763,0.48051867
764,0.6772547
765,0.75062424
766,0.9232146
767,0.9325794
768,0.38265988
769,0.9608083
770,0.9391699
771,0.9597638
772,0.92834204
773,0.11049588
774,0.87715185
775,0.7962291
776,0.8993263
777,0.8184229
778,0.20124581
779,0.08509312
780,0.7937063
781,0.9647997
782,0.89484626
783,0.96343136
784,0.9580295
785,0.28559333
786,0.94335896
787,0.98788846
788,0.960549
789,0.8800138
790,0.9539332
791,0.94909185
792,0.9076931
793,0.80730224
794,0.9713074
795,0.92335117
796,0.011586219
797,0.9620441
798,0.9643383
799,0.59956133
800,0.8599245
801,0.8902625
802,0.5228215
803,0.8267578
804,0.90677667
805,0.9488222
806,0.037255123
807,0.75011843
808,0.938064
809,0.105625466
810,0.92636526
811,0.99259
812,0.9509235
813,0.138879
814,0.8009256
815,0.9415083
816,0.9537624
817,0.8415836
818,0.905789
819,0.7826975
820,0.9818416
821,0.9824161
822,0.9627745
823,0.9603962
824,0.028706599
825,0.7755015
826,0.7158884
827,0.8617921
828,0.9739086
829,0.95109975
830,0.8222256
831,0.8784213
832,0.8450533
833,0.8928513
834,0.47373208
835,0.96819717
836,0.8356229
837,0.93073434
838,0.98024976
839,0.8561121
840,0.82000804
841,0.92336744
842,0.9472888
843,0.13966808
844,0.935501
845,0.904132
846,0.89990014
847,0.12783656
848,0.9685518
849,0.16937861
850,0.14050359
851,0.11650722
852,0.98316085
853,0.8101436
854,0.9774735
855,0.9089562
856,0.6226155
857,0.89951146
858,0.20970523
859,0.8872298
860,0.9754847
861,0.9266431
862,0.92676765
863,0.9016314
864,0.59945077
865,0.7646219
866,0.95872885
867,0.8757304
868,0.88917637
869,0.96151626
870,0.97181594
871,0.9026138
872,0.9487013
873,0.99373686
874,0.82822496
875,0.7579184
876,0.9631712
877,0.048999578
878,0.6610742
879,0.8755951
880,0.83696914
881,0.92845285
882,0.84456646
883,0.92891794
884,0.7646825
885,0.8481331
886,0.81340104
887,0.40795994
888,0.8057414
889,0.8646604
890,0.92724156
891,0.7849226
892,0.92099744
893,0.14797528
894,0.9379719
895,0.91458476
896,0.84800595
897,0.77900314
898,0.33631998
899,0.6304916
900,0.9603094
901,0.9148974
902,0.96165127
903,0.92147475
904,0.9663049
905,0.89032763
906,0.99306905
907,0.11094808
908,0.057333138
909,0.7897419
910,0.7663127
911,0.5408162
912,0.35276663
913,0.11355964
914,0.8148683
915,0.94066936
916,0.8946139
917,0.9528113
918,0.7723475
919,0.6761785
920,0.9523508
921,0.87422323
922,0.6337447
923,0.84929967
924,0.799998
925,0.88953745
926,0.9530904
927,0.95019376
928,0.90806955
929,0.896876
930,0.9052087
931,0.98330694
932,0.052190807
933,0.9760238
934,0.97347146
935,0.8758578
936,0.098580524
937,0.69793284
938,0.80389273
939,0.88446325
940,0.96627074
941,0.99149793
942,0.874676
943,0.9844945
944,0.4247726
945,0.8603872
946,0.93582433
947,0.96283334
948,0.9179643
949,0.83130604
950,0.8650639
951,0.85909164
952,0.6733272
953,0.8182954
954,0.98672515
955,0.94605505
956,0.94886273
957,0.6777303
958,0.8885082
959,0.83206075
960,0.9239732
961,0.14695524
962,0.86170155
963,0.87575006
964,0.9470811
965,0.49624765
966,0.743783
967,0.7368047
968,0.56736815
969,0.04888925
970,0.041039325
971,0.9724135
972,0.8264804
973,0.55626965
974,0.93748474
975,0.86597914
976,0.98891807
977,0.08441074
978,0.8781103
979,0.73424196
980,0.29754063
981,0.33049068
982,0.062280923
983,0.88468546
984,0.88902295
985,0.6327485
986,0.24829185
987,0.1824272
988,0.32909933
989,0.8555097
990,0.91620034
991,0.95987475
992,0.9733365
993,0.904791
994,0.3507913
995,0.24799469
996,0.14915965
997,0.6786252
998,0.41143897
999,0.8885462
1000,0.89070797
1001,0.5090145
1002,0.9691942
1003,0.81718004
1004,0.23669331
1005,0.7137261
1006,0.7759979
1007,0.72777754
1008,0.0770569
1009,0.051456153
1010,0.5135117
1011,0.9517703
1012,0.98650926
1013,0.7737634
1014,0.23844112
1015,0.98416233
1016,0.90506357
1017,0.818985
1018,0.9751929
1019,0.70739865
1020,0.9228373
1021,0.18522768
1022,0.75204384
1023,0.85994834
1024,0.25872913
1025,0.9375547
1026,0.18098618
1027,0.82923514
1028,0.084550604
1029,0.86934084
1030,0.9066836
1031,0.9361074
1032,0.8295151
1033,0.9448815
1034,0.06774831
1035,0.96974444
1036,0.8524386
1037,0.5272274
1038,0.66966337
1039,0.48430145
1040,0.93041617
1041,0.937524
1042,0.98105395
1043,0.7190862
1044,0.9307799
1045,0.78105634
1046,0.79950225
1047,0.95025426
1048,0.9784538
1049,0.89453244
1050,0.88363487
1051,0.96394074
1052,0.42928255
1053,0.96561784
1054,0.032153457
1055,0.3344801
1056,0.97309226
1057,0.55941683
1058,0.70489454
1059,0.8843698
1060,0.9530739
1061,0.9464428
1062,0.86365545
1063,0.9095881
1064,0.93199044
1065,0.69738144
1066,0.32443628
1067,0.9014585
1068,0.81409955
1069,0.23890606
1070,0.9812617
1071,0.8722923
1072,0.8286805
1073,0.8030017
1074,0.9886749
1075,0.89061165
1076,0.9764651
1077,0.14855361
1078,0.72830343
1079,0.84370416
1080,0.3148551
1081,0.9039385
1082,0.965479
1083,0.72949964
1084,0.762085
1085,0.9527676
1086,0.969003
1087,0.950977
1088,0.8076616
1089,0.581464
1090,0.5964602
1091,0.7544947
1092,0.8582515
1093,0.22435284
1094,0.78770924
1095,0.8907103
1096,0.96943986
1097,0.8784091
1098,0.9658009
1099,0.9382986
1100,0.8205403
1101,0.7980185
1102,0.92758083
1103,0.8918931
1104,0.9393537
1105,0.984893
1106,0.9759235
1107,0.9171549
1108,0.691488
1109,0.95411366
1110,0.84947413
1111,0.9448769
1112,0.9462719
1113,0.8682068
1114,0.93256164
1115,0.7189394
1116,0.9529282
1117,0.80579835
1118,0.8028032
1119,0.9814897
1120,0.7936377
1121,0.8355628
1122,0.81162286
1123,0.925902
1124,0.8979279
1125,0.36695877
1126,0.71718985
1127,0.84678066
1128,0.8675546
1129,0.91886646
1130,0.931922
1131,0.8152127
1132,0.41267398
1133,0.92364097
1134,0.87251276
1135,0.867346
1136,0.7787503
1137,0.12614994
1138,0.94165975
1139,0.18937433
1140,0.8283311
1141,0.15288311
1142,0.9742782
1143,0.04604673
1144,0.97672296
1145,0.874783
1146,0.3667797
1147,0.9819615
1148,0.95077544
1149,0.9436353
1150,0.8614474
1151,0.6654899
1152,0.86412585
1153,0.77132756
1154,0.95452034
1155,0.9213171
1156,0.35165423
1157,0.2918938
1158,0.71103865
1159,0.8644711
1160,0.038638607
1161,0.8385258
1162,0.7726882
1163,0.8249579
1164,0.65752006
1165,0.9592936
1166,0.9113311
1167,0.95691735
1168,0.8593587
1169,0.8266526
1170,0.98500794
1171,0.24105257
1172,0.84783447
1173,0.0831376
1174,0.88217765
1175,0.20684247
1176,0.94611335
1177,0.6059959
1178,0.8643811
1179,0.8566104
1180,0.91590154
1181,0.96402127
1182,0.9820662
1183,0.9736162
1184,0.8029753
1185,0.7365085
1186,0.34631217
1187,0.12168948
1188,0.7959817
1189,0.9744531
1190,0.68118083
1191,0.9845864
1192,0.9224198
1193,0.84859586
1194,0.928935
1195,0.9433858
1196,0.57235485
1197,0.8673251
1198,0.90096253
1199,0.63717246
1200,0.9898849
1201,0.9303645
1202,0.1497031
1203,0.88827854
1204,0.7706552
1205,0.92731535
1206,0.61428297
1207,0.8686055
1208,0.9746678
1209,0.34965113
1210,0.9852126
1211,0.78520554
1212,0.8870834
1213,0.90535253
1214,0.97462463
1215,0.95490724
1216,0.8115325
1217,0.9200619
1218,0.75086594
1219,0.96136147
1220,0.95224714
1221,0.96251696
1222,0.86463225
1223,0.77561694
1224,0.61812234
1225,0.8278342
1226,0.88813156
1227,0.757073
1228,0.61756796
1229,0.935607
1230,0.9162284
1231,0.7656897
1232,0.97732323
1233,0.98776096
1234,0.1286982
1235,0.3642767
1236,0.30149645
1237,0.84975487
1238,0.8537712
1239,0.12401856
1240,0.1604667
1241,0.9555055
1242,0.7672146
1243,0.85414886
1244,0.7996461
1245,0.9161173
1246,0.8787613
1247,0.95345706
1248,0.3483605
1249,0.8664059
1250,0.90046614
1251,0.971315
1252,0.96823335
1253,0.91773325
1254,0.97608423
1255,0.725646
1256,0.8916694
1257,0.53541833
1258,0.95762354
1259,0.798888
1260,0.9397884
1261,0.8897076
1262,0.870117
1263,0.74714506
1264,0.9275119
1265,0.9392901
1266,0.84315634
1267,0.87317234
1268,0.8466996
1269,0.9230302
1270,0.3596623
1271,0.69775766
1272,0.97476876
1273,0.42176384
1274,0.94433373
1275,0.02989799
1276,0.63790774
1277,0.752632
1278,0.8980356
1279,0.787721
1280,0.92964005
1281,0.9227862
1282,0.323192
1283,0.74268144
1284,0.938
1285,0.6989399
1286,0.880905
1287,0.95825183
1288,0.5561351
1289,0.9605325
1290,0.8685392
1291,0.65270907
1292,0.86526483
1293,0.8258755
1294,0.9660761
1295,0.29167068
1296,0.8893479
1297,0.95321876
1298,0.9146309
1299,0.73328435
1300,0.49542773
1301,0.9042913
1302,0.64520603
1303,0.89263654
1304,0.9005273
1305,0.8737687
1306,0.41722935
1307,0.91804403
1308,0.8991225
1309,0.39344543
1310,0.8186944
1311,0.8750819
1312,0.8203233
1313,0.8780333
1314,0.977769
1315,0.2641786
1316,0.099021055
1317,0.9436121
1318,0.54147464
1319,0.92192227
1320,0.8496933
1321,0.8237966
1322,0.9074486
1323,0.92168766
1324,0.8664698
1325,0.890051
1326,0.5518909
1327,0.9271245
1328,0.6658624
1329,0.7649961
1330,0.9273596
1331,0.120868415
1332,0.41073567
1333,0.79884654
1334,0.8149559
1335,0.41143328
1336,0.673425
1337,0.94746214
1338,0.90507346
1339,0.5437662
1340,0.6674891
1341,0.45786184
1342,0.56202686
1343,0.95060986
1344,0.2161822
1345,0.9229074
1346,0.4528919
1347,0.53922826
1348,0.121058986
1349,0.6358228
1350,0.7135461
1351,0.93963057
1352,0.9795204
1353,0.8308739
1354,0.9044339
1355,0.73832816
1356,0.29676163
1357,0.91632223
1358,0.93590736
1359,0.08298981
1360,0.89603895
1361,0.8993315
1362,0.993122
1363,0.51578367
1364,0.92317003
1365,0.9123482
1366,0.85868835
1367,0.98197025
1368,0.9820163
1369,0.5349364
1370,0.907781
1371,0.9790143
1372,0.8600684
1373,0.13614224
1374,0.94541615
1375,0.6956877
1376,0.71520066
1377,0.9360102
1378,0.94242173
1379,0.8835883
1380,0.8980955
1381,0.9448853
1382,0.9586948
1383,0.7422583
1384,0.7628973
1385,0.55156064
1386,0.38075608
1387,0.6564292
1388,0.9744666
1389,0.5875621
1390,0.9534086
1391,0.07789677
1392,0.6509832
1393,0.92428726
1394,0.7974089
1395,0.032274175
1396,0.70850915
1397,0.81806433
1398,0.46418914
1399,0.68609786
1400,0.5678971
1401,0.8911953
1402,0.8658197
1403,0.34783804
1404,0.8090969
1405,0.9119777
1406,0.9207047
1407,0.963849
1408,0.94799423
1409,0.8646652
1410,0.75352156
1411,0.9286998
1412,0.88164157
1413,0.83004856
1414,0.65910363
1415,0.77454907
1416,0.8438248
1417,0.76115245
1418,0.53668344
1419,0.7786299
1420,0.84844166
1421,0.92037165
1422,0.9137148
1423,0.7967343
1424,0.8816998
1425,0.89787656
1426,0.9457752
1427,0.9922175
1428,0.7393168
1429,0.65819764
1430,0.51514757
1431,0.37633017
1432,0.8436456
1433,0.9724142
1434,0.60657597
1435,0.9754904
1436,0.9177872
1437,0.9864411
1438,0.82732904
1439,0.986282
1440,0.78246987
1441,0.94051576
1442,0.06351897
1443,0.9640256
1444,0.65421534
1445,0.96681
1446,0.8245895
1447,0.83690494
1448,0.73718745
1449,0.94455546
1450,0.92348176
1451,0.057082895
1452,0.9104099
1453,0.92349124
1454,0.97404903
1455,0.79659814
1456,0.9342249
1457,0.864714
1458,0.98284554
1459,0.11235228
1460,0.81992865
1461,0.8992228
1462,0.94219923
1463,0.3407853
1464,0.6525908
1465,0.7226229
1466,0.7999762
1467,0.81265783
1468,0.89269114
1469,0.7056497
1470,0.447377
1471,0.26147267
1472,0.76878643
1473,0.10004085
1474,0.8878304
1475,0.971086
1476,0.5289316
1477,0.5591597
1478,0.96173006
1479,0.8992873
1480,0.79047865
1481,0.6070782
1482,0.8806573
1483,0.93368524
1484,0.8726215
1485,0.82850343
1486,0.6706762
1487,0.8865477
1488,0.93981725
1489,0.70647156
1490,0.028972836
1491,0.80916226
1492,0.90606505
1493,0.9392322
1494,0.9026673
1495,0.8131726
1496,0.9612969
1497,0.8259506
1498,0.72690374
1499,0.9316613
1500,0.19632733
1501,0.9532144
1502,0.6907069
1503,0.8193943
1504,0.033830013
1505,0.42325443
1506,0.8153795
1507,0.8448241
1508,0.70178145
1509,0.24532345
1510,0.88726974
1511,0.9557579
1512,0.36513945
1513,0.688953
1514,0.39030895
1515,0.84737366
1516,0.9516308
1517,0.93637997
1518,0.95857805
1519,0.8553426
1520,0.9710826
1521,0.23774557
1522,0.5141293
1523,0.20696893
1524,0.9019479
1525,0.35397875
1526,0.9477572
1527,0.33337662
1528,0.774442
1529,0.32956666
1530,0.96483463
1531,0.9245939
1532,0.31344742
1533,0.94640696
1534,0.83345103
1535,0.76138407
1536,0.8884132
1537,0.9330604
1538,0.7895775
1539,0.34649837
1540,0.9307877
1541,0.7775272
1542,0.9073598
1543,0.973307
1544,0.980532
1545,0.9478503
1546,0.08137787
1547,0.6958887
1548,0.9414195
1549,0.89851964
1550,0.08942404
1551,0.9163154
1552,0.94935733
1553,0.86925584
1554,0.9656376
1555,0.4253774
1556,0.5069318
1557,0.24044046
1558,0.907826
1559,0.98171306
1560,0.632564
1561,0.97742355
1562,0.21950948
1563,0.96692604
1564,0.6527524
1565,0.9351669
1566,0.13126335
1567,0.95414656
1568,0.94123906
1569,0.84185725
1570,0.9329342
1571,0.96256506
1572,0.19161487
1573,0.40781352
1574,0.8039322
1575,0.67934674
1576,0.8543811
1577,0.07951223
1578,0.8178843
1579,0.88996816
1580,0.8867332
1581,0.9727952
1582,0.5645122
1583,0.93420076
1584,0.15976344
1585,0.76361805
1586,0.886723
1587,0.9649351
1588,0.84634143
1589,0.596517
1590,0.8033072
1591,0.8038226
1592,0.85203266
1593,0.88084716
1594,0.8142335
1595,0.8736835
1596,0.9398057
1597,0.90271485
1598,0.8606752
1599,0.71543777
1600,0.9845005
1601,0.83618593
1602,0.95172423
1603,0.8187554
1604,0.8659478
1605,0.7789016
1606,0.9087001
1607,0.9014698
1608,0.96999395
1609,0.9115871
1610,0.9578106
1611,0.614382
1612,0.9430103
1613,0.17222576
1614,0.047647286
1615,0.94090027
1616,0.63199085
1617,0.7626414
1618,0.820014
1619,0.93320453
1620,0.39184248
1621,0.79355574
1622,0.09419653
1623,0.4437542
1624,0.8612952
1625,0.88290626
1626,0.73834604
1627,0.6125981
1628,0.69125235
1629,0.7066742
1630,0.6620749
1631,0.7480535
1632,0.38763463
1633,0.14244923
1634,0.86456615
1635,0.99054635
1636,0.8404575
1637,0.90444756
1638,0.9702731
1639,0.96723866
1640,0.7521213
1641,0.8340385
1642,0.14368509
1643,0.8232625
1644,0.42023662
1645,0.8670329
1646,0.68830645
1647,0.886465
1648,0.9788966
1649,0.8161838
1650,0.112922244
1651,0.69720787
1652,0.95179933
1653,0.56834733
1654,0.67867553
1655,0.7337113
1656,0.10933804
1657,0.10629489
1658,0.84430516
1659,0.80691445
1660,0.9039104
1661,0.93772125
1662,0.90102303
1663,0.6643451
1664,0.8866932
1665,0.6827382
1666,0.94368505
1667,0.90134746
1668,0.95492435
1669,0.70764226
1670,0.045671735
1671,0.88150537
1672,0.9778735
1673,0.95551056
1674,0.8109182
1675,0.71666694
1676,0.8743914
1677,0.955389
1678,0.7004763
1679,0.91815645
1680,0.86697686
1681,0.9753709
1682,0.9486154
1683,0.8021578
1684,0.5314389
1685,0.8804928
1686,0.6997762
1687,0.86762863
1688,0.7710559
1689,0.5538458
1690,0.9694676
1691,0.6515517
1692,0.9544974
1693,0.03751814
1694,0.94286567
1695,0.61223674
1696,0.9747445
1697,0.8137876
1698,0.3860823
1699,0.94696707
1700,0.89734185
1701,0.9587627
1702,0.43715543
1703,0.69859654
1704,0.91602725
1705,0.16326706
1706,0.97102094
1707,0.87211454
1708,0.9234623
1709,0.019846952
1710,0.6013931
1711,0.81949747
1712,0.89446783
1713,0.4275961
1714,0.9241188
1715,0.3930719
1716,0.9247612
1717,0.5518511
1718,0.9567308
1719,0.8801221
1720,0.88144195
1721,0.9145569
1722,0.8258339
1723,0.46551484
1724,0.67756885
1725,0.97220963
1726,0.26913187
1727,0.73882407
1728,0.71315396
1729,0.08830065
1730,0.78002053
1731,0.40578336
1732,0.98434794
1733,0.9717474
1734,0.64473724
1735,0.5894974
1736,0.9683779
1737,0.97733694
1738,0.96045005
1739,0.9126733
1740,0.6906776
1741,0.41937083
1742,0.54030806
1743,0.91481334
1744,0.21391751
1745,0.34036863
1746,0.33613038
1747,0.89053154
1748,0.876612
1749,0.17474604
1750,0.79053885
1751,0.9076528
1752,0.53192806
1753,0.10313912
1754,0.82664067
1755,0.9524582
1756,0.9546028
1757,0.64053094
1758,0.9168901
1759,0.8752433
1760,0.7740772
1761,0.23069829
1762,0.93170977
1763,0.7850437
1764,0.40593538
1765,0.927498
1766,0.9674843
1767,0.67605823
1768,0.5669199
1769,0.9816679
1770,0.9444632
1771,0.908451
1772,0.8640348
1773,0.77318096
1774,0.7042487
1775,0.9439054
1776,0.8970778
1777,0.87298566
1778,0.21584897
1779,0.9738757
1780,0.15429035
1781,0.5947188
1782,0.95795965
1783,0.94876945
1784,0.9445047
1785,0.91003054
1786,0.94297606
1787,0.8121433
1788,0.382555
1789,0.5015265
1790,0.94572574
1791,0.9693965
1792,0.90726626
1793,0.9120344
1794,0.60880125
1795,0.6407149
1796,0.40380082
1797,0.978713
1798,0.5568485
1799,0.11556946
1800,0.44072938
1801,0.8678336
1802,0.8906855
1803,0.78256774
1804,0.93479425
1805,0.72566205
1806,0.83872896
1807,0.51505435
1808,0.8922328
1809,0.37652615
1810,0.72569853
1811,0.57287496
1812,0.956835
1813,0.8667531
1814,0.92277133
1815,0.2449317
1816,0.9365538
1817,0.86113185
1818,0.91174155
1819,0.9610305
1820,0.7709333
1821,0.14077757
1822,0.878291
1823,0.763216
1824,0.8794326
1825,0.96488285
1826,0.85453683
1827,0.51406586
1828,0.6809713
1829,0.87517244
1830,0.46218082
1831,0.61666757
1832,0.8494535
1833,0.6418931
1834,0.8714249
1835,0.9683497
1836,0.93144995
1837,0.9806597
1838,0.68416923
1839,0.35722715
1840,0.9269964
1841,0.9048804
1842,0.11097215
1843,0.78775674
1844,0.9121169
1845,0.89882666
1846,0.26780748
1847,0.12715457
1848,0.9645955
1849,0.74319977
1850,0.4222063
1851,0.8918301
1852,0.9501156
1853,0.94377923
1854,0.8513708
1855,0.54682
1856,0.92481124
1857,0.8843583
1858,0.9793726
1859,0.640801
1860,0.9713199
1861,0.9426642
1862,0.789654
1863,0.8213606
1864,0.8334546
1865,0.87866133
1866,0.5316414
1867,0.6957938
1868,0.6960345
1869,0.74293023
1870,0.83960944
1871,0.8948988
1872,0.88160825
1873,0.76549995
1874,0.96047956
1875,0.64174986
1876,0.94276285
1877,0.8378406
1878,0.84215873
1879,0.22043699
1880,0.96684265
1881,0.9655051
1882,0.6487874
1883,0.9571797
1884,0.6902176
1885,0.92958623
1886,0.8423363
1887,0.50924385
1888,0.63031614
1889,0.66043913
1890,0.11240412
1891,0.113960296
1892,0.9675203
1893,0.7505616
1894,0.7773736
1895,0.5901255
1896,0.5564194
1897,0.79860115
1898,0.0742805
1899,0.91902596
1900,0.80618984
1901,0.8189722
1902,0.24523166
1903,0.8232901
1904,0.35316816
1905,0.8290018
1906,0.62158036
1907,0.8189083
1908,0.9257694
1909,0.8554006
1910,0.039665308
1911,0.72151107
1912,0.85532314
1913,0.14782985
1914,0.86243474
1915,0.63182545
1916,0.90913963
1917,0.96207446
1918,0.7527395
1919,0.97736835
1920,0.6978822
1921,0.59443235
1922,0.26328972
1923,0.2975272
1924,0.3880046
1925,0.54566306
1926,0.5630171
1927,0.886007
1928,0.6196716
1929,0.889129
1930,0.93985164
1931,0.44240254
1932,0.60428935
1933,0.93711156
1934,0.6561342
1935,0.9302211
1936,0.367148
1937,0.9000086
1938,0.84647685
1939,0.8552291
1940,0.9415094
1941,0.9812258
1942,0.81379145
1943,0.9223117
1944,0.7988406
1945,0.92122334
1946,0.93520254
1947,0.76899546
1948,0.8586253
1949,0.82585186
1950,0.9134791
1951,0.73304397
1952,0.75065136
1953,0.5460375
1954,0.7782664
1955,0.8397469
1956,0.64303714
1957,0.7595601
1958,0.8002665
1959,0.949456
1960,0.48052433
1961,0.8303994
1962,0.46441695
1963,0.99176776
1964,0.24640785
1965,0.26330423
1966,0.97430336
1967,0.78921634
1968,0.7173234
1969,0.7136123
1970,0.9345984
1971,0.49287653
1972,0.92203045
1973,0.9544059
1974,0.54685795
1975,0.092369065
1976,0.17592333
1977,0.6727582
1978,0.9361476
1979,0.95217687
1980,0.94734854
1981,0.1782298
1982,0.92527574
1983,0.9491688
1984,0.931551
1985,0.83121717
1986,0.7871403
1987,0.9095959
1988,0.42976826
1989,0.85044396
1990,0.76896363
1991,0.2790948
1992,0.9696448
1993,0.91780853
1994,0.8765312
1995,0.83313924
1996,0.27552631
1997,0.9132442
1998,0.18505032
1999,0.8659893
2000,0.62113863
2001,0.86324096
2002,0.9480444
2003,0.88615566
2004,0.32280225
2005,0.10294463
2006,0.43920672
2007,0.94717574
2008,0.17473899
2009,0.91579115
2010,0.8492497
2011,0.7957032
2012,0.39090842
2013,0.08379263
2014,0.5034112
2015,0.9640672
2016,0.27381447
2017,0.668823
2018,0.75185525
2019,0.89581513
2020,0.8963259
2021,0.6422285
2022,0.8677111
2023,0.9285955
2024,0.896876
2025,0.9257349
2026,0.5295351
2027,0.95263547
2028,0.9085421
2029,0.35048205
2030,0.5407843
2031,0.66968364
2032,0.25267053
2033,0.2709044
2034,0.8300117
2035,0.14073332
2036,0.54027
2037,0.72768104
2038,0.96522593
2039,0.87285095
2040,0.8695785
2041,0.84380615
2042,0.44572756
2043,0.9473942
2044,0.18993306
2045,0.8646064
2046,0.7106273
2047,0.8232546
2048,0.72813106
2049,0.6312753
2050,0.57093114
2051,0.7563409
2052,0.61014295
2053,0.9638203
2054,0.9323541
2055,0.7968126
2056,0.44159704
2057,0.09657372
2058,0.9846504
2059,0.77881664
2060,0.6119112
2061,0.94558924
2062,0.4411154
2063,0.30673698
2064,0.9365933
2065,0.66525745
2066,0.891026
2067,0.07849045
2068,0.38493988
2069,0.8549757
2070,0.6091519
2071,0.9758896
2072,0.8998635
2073,0.82658064
2074,0.8997192
2075,0.8866039
2076,0.09345581
2077,0.78926474
2078,0.8508411
2079,0.2591968
2080,0.9657974
2081,0.96558625
2082,0.42439064
2083,0.667094
2084,0.78989255
2085,0.6185344
2086,0.96054333
2087,0.7533864
2088,0.95435184
2089,0.27190888
2090,0.58543265
2091,0.9698086
2092,0.75063443
2093,0.56599724
2094,0.43049818
2095,0.8902086
2096,0.9333933
2097,0.78184223
2098,0.82763183
2099,0.7980699
2100,0.8198698
2101,0.93123573
2102,0.24287793
2103,0.82987595
2104,0.795089
2105,0.7387882
2106,0.13224712
2107,0.8774719
2108,0.26608637
2109,0.57755816
2110,0.8819899
2111,0.8183238
2112,0.6520114
2113,0.91222143
2114,0.51789004
2115,0.504745
2116,0.7489895
2117,0.3780704
2118,0.8989607
2119,0.6574156
2120,0.5117409
2121,0.6131183
2122,0.13887034
2123,0.69109166
2124,0.64142996
2125,0.19274908
2126,0.4429791
2127,0.25405344
2128,0.98624086
2129,0.6637776
2130,0.8217596
2131,0.83777815
2132,0.84763277
2133,0.85282356
2134,0.44547772
2135,0.5107068
2136,0.6707331
2137,0.5909345
2138,0.5126323
2139,0.6340725
2140,0.9845891
2141,0.8589496
2142,0.8837725
2143,0.8883248
2144,0.48865262
2145,0.8469292
2146,0.9524529
2147,0.27178574
2148,0.8733059
2149,0.28164268
2150,0.49069014
2151,0.8737602
2152,0.9320374
2153,0.99356085
2154,0.8274786
2155,0.86117893
2156,0.6413576
2157,0.97761
2158,0.69283795
2159,0.95114785
2160,0.7326241
2161,0.7889649
2162,0.7843268
2163,0.8975883
2164,0.27908465
2165,0.046617083
2166,0.95394355
2167,0.8857686
2168,0.60246676
2169,0.95966965
2170,0.349125
2171,0.1670453
2172,0.4485902
2173,0.82341397
2174,0.981603
2175,0.8989113
2176,0.6793631
2177,0.8487911
2178,0.14570467
2179,0.866648
2180,0.946879
2181,0.96416825
2182,0.74238425
2183,0.8228503
2184,0.77048266
2185,0.43122655
2186,0.6703191
2187,0.8672312
2188,0.70619076
2189,0.48788542
2190,0.84152603
2191,0.95701677
2192,0.9523668
2193,0.985519
2194,0.826156
2195,0.974908
2196,0.1464931
2197,0.7498932
2198,0.44236177
2199,0.94695747
2200,0.8743632
2201,0.72422093
2202,0.26009458
2203,0.86969316
2204,0.454532
2205,0.6048256
2206,0.74513125
2207,0.6856214
2208,0.6906744
2209,0.46683842
2210,0.5515697
2211,0.67900646
2212,0.67524946
2213,0.5305886
2214,0.88684905
2215,0.733409
2216,0.33605608
2217,0.1969581
2218,0.20627883
2219,0.8958004
2220,0.76936716
2221,0.9627304
2222,0.73759377
2223,0.23671673
2224,0.33580408
2225,0.9649301
2226,0.14582482
2227,0.959536
2228,0.9193464
2229,0.7250015
2230,0.9329316
2231,0.8909853
2232,0.79075587
2233,0.22344002
2234,0.2430252
2235,0.947612
2236,0.93946177
2237,0.5716312
2238,0.95110905
2239,0.34934834
2240,0.7594217
2241,0.36690983
2242,0.892686
2243,0.932122
2244,0.88222784
2245,0.9408392
2246,0.23067081
2247,0.89629674
2248,0.76960945
2249,0.30756226
2250,0.30214334
2251,0.9684639
2252,0.8126104
2253,0.31639433
2254,0.8556349
2255,0.900723
2256,0.97554225
2257,0.8102323
2258,0.8004325
2259,0.80935395
2260,0.8589955
2261,0.35308012
2262,0.6820055
2263,0.9582734
2264,0.9791497
2265,0.89026165
2266,0.88938516
2267,0.88338083
2268,0.30272675
2269,0.8853465
2270,0.46340454
2271,0.57177466
2272,0.7295533
2273,0.92022175
2274,0.88331926
2275,0.95507175
2276,0.858853
2277,0.85820615
2278,0.9502685
2279,0.46351114
2280,0.33745307
2281,0.25451833
2282,0.26916164
2283,0.66892344
2284,0.8294969
2285,0.82962656
2286,0.04101275
2287,0.2517916
2288,0.18961813
2289,0.82089543
2290,0.98474854
2291,0.9530008
2292,0.73909175
2293,0.14210477
2294,0.40610114
2295,0.9307496
2296,0.898294
2297,0.5766825
2298,0.17902575
2299,0.2694716
2300,0.7035599
2301,0.13088408
2302,0.9370551
2303,0.98187
2304,0.9316157
2305,0.07149678
2306,0.8457516
2307,0.4137093
2308,0.92628384
2309,0.4523442
2310,0.20869121
2311,0.042632986
2312,0.54046583
2313,0.9391965
2314,0.8690602
2315,0.9353116
2316,0.4394226
2317,0.3972069
2318,0.043011326
2319,0.8758979
2320,0.9034811
2321,0.23319645
2322,0.8800601
2323,0.30820385
2324,0.75763273
2325,0.75572526
2326,0.9011396
2327,0.1674058
2328,0.9343679
2329,0.8213616
2330,0.8100074
2331,0.7560653
2332,0.7704825
2333,0.95137984
2334,0.6632796
2335,0.30524603
2336,0.7284208
2337,0.95738226
2338,0.3644979
2339,0.8984842
2340,0.64687127
2341,0.936567
2342,0.49022743
2343,0.88353485
2344,0.8130835
2345,0.63791853
2346,0.49803036
2347,0.7837751
2348,0.5085424
2349,0.9447678
2350,0.63723314
2351,0.5309325
2352,0.6827752
2353,0.65936375
2354,0.56969637
2355,0.95220363
2356,0.93878835
2357,0.83162946
2358,0.8712176
2359,0.07902412
2360,0.9657787
2361,0.8217535
2362,0.67517483
2363,0.86169404
2364,0.89888734
2365,0.39985877
2366,0.24544212
2367,0.14826268
2368,0.811179
2369,0.6239608
2370,0.6172253
2371,0.9612776
2372,0.69556904
2373,0.79805547
2374,0.8577522
2375,0.5131337
2376,0.8542378
2377,0.8991511
2378,0.86425155
2379,0.6515885
2380,0.7056127
2381,0.9213007
2382,0.37616265
2383,0.3499717
2384,0.50992584
2385,0.92236793
2386,0.8207609
2387,0.9394848
2388,0.3983161
2389,0.86578697
2390,0.7870291
2391,0.86687374
2392,0.6216299
2393,0.63029253
2394,0.19270979
2395,0.15893364
2396,0.33306572
2397,0.6535497
2398,0.925725
2399,0.9520157
2400,0.73106647
2401,0.75192785
2402,0.9593278
2403,0.7000203
2404,0.40100017
2405,0.72812694
2406,0.33662134
2407,0.2445894
2408,0.44289115
2409,0.92222637
2410,0.8586379
2411,0.7252647
2412,0.7655761
2413,0.666982
2414,0.9494415
2415,0.7520266
2416,0.3010827
2417,0.9578286
2418,0.2751126
2419,0.14065456
2420,0.95270675
2421,0.6244508
2422,0.8243448
2423,0.9171377
2424,0.37660864
2425,0.9712269
2426,0.90103084
2427,0.5804221
2428,0.24797884
2429,0.9251189
2430,0.49762765
2431,0.58215636
2432,0.8236376
2433,0.6562391
2434,0.766687
2435,0.9109813
2436,0.8678774
2437,0.8675516
2438,0.28031576
2439,0.8652839
2440,0.8229577
2441,0.21855465
2442,0.80324584
2443,0.6061741
2444,0.98094696
2445,0.9696176
2446,0.9309077
2447,0.7784997
2448,0.738135
2449,0.96851945
2450,0.7955268
2451,0.21850745
2452,0.14368786
2453,0.8923015
2454,0.52745533
2455,0.3116132
2456,0.7642863
2457,0.9276708
2458,0.7712173
2459,0.933123
2460,0.90809476
2461,0.4634235
2462,0.7915936
2463,0.24472266
2464,0.7815469
2465,0.9022478
2466,0.9223522
2467,0.9406907
2468,0.9829725
2469,0.7767736
2470,0.7276025
2471,0.8632299
2472,0.55892575
2473,0.8632243
2474,0.35798925
2475,0.63394326
2476,0.8205298
2477,0.576184
2478,0.56450045
2479,0.30708304
2480,0.9576222
2481,0.9859004
2482,0.8840028
2483,0.11166052
2484,0.49015638
2485,0.60815585
2486,0.9744405
2487,0.8576079
2488,0.14210005
2489,0.92135704
2490,0.5481884
2491,0.89522177
2492,0.93610734
2493,0.7453693
2494,0.8766704
2495,0.45405295
2496,0.1846753
2497,0.6879863
2498,0.8113176
2499,0.41673377
2500,0.351192
2501,0.37889487
2502,0.056132052
2503,0.029675875
2504,0.044493534
2505,0.11708321
2506,0.024069985
2507,0.03956044
2508,0.11524171
2509,0.06765754
2510,0.43216616
2511,0.04972795
2512,0.17881757
2513,0.07163707
2514,0.17672604
2515,0.025277887
2516,0.53075016
2517,0.061628144
2518,0.15386508
2519,0.60360307
2520,0.5170346
2521,0.024734555
2522,0.15179756
2523,0.241361
2524,0.14334641
2525,0.6672332
2526,0.12778066
2527,0.4382018
2528,0.15751596
2529,0.6416078
2530,0.033488173
2531,0.025186922
2532,0.23575996
2533,0.5862114
2534,0.25900543
2535,0.05015799
2536,0.22075927
2537,0.061414644
2538,0.7072786
2539,0.16185461
2540,0.4222251
2541,0.11671693
2542,0.2677267
2543,0.105904765
2544,0.056419194
2545,0.021383867
2546,0.6178192
2547,0.9054585
2548,0.7144398
2549,0.0283092
2550,0.26929975
2551,0.012793703
2552,0.1061538
2553,0.07988234
2554,0.250524
2555,0.032370135
2556,0.5803583
2557,0.065654576
2558,0.28229952
2559,0.2394793
2560,0.43153968
2561,0.33050272
2562,0.060975652
2563,0.29104853
2564,0.0013798972
2565,0.10768625
2566,0.8519103
2567,0.76567715
2568,0.093813874
2569,0.26983586
2570,0.2118267
2571,0.8371609
2572,0.3337427
2573,0.025978612
2574,0.00233929
2575,0.20269945
2576,0.041465193
2577,0.38114652
2578,0.042450253
2579,0.4732704
2580,0.18408306
2581,0.68093157
2582,0.16277853
2583,0.03938467
2584,0.0029816444
2585,0.25689277
2586,0.016290294
2587,0.854713
2588,0.07063148
2589,0.2758298
2590,0.17827003
2591,0.22437036
2592,0.2984284
2593,0.55262774
2594,0.00302007
2595,0.036409456
2596,0.0019340024
2597,0.12436644
2598,0.02670346
2599,0.0105692595
2600,0.023219934
2601,0.5076952
2602,0.0006862684
2603,0.7376697
2604,0.11285692
2605,0.10065138
2606,0.5811537
2607,0.4320219
2608,0.13951851
2609,0.35749644
2610,0.09189239
2611,0.017996896
2612,0.17156246
2613,0.061500188
2614,0.008403564
2615,0.021400848
2616,0.004958182
2617,0.07928683
2618,0.037304267
2619,0.1727956
2620,0.10513699
2621,0.013249395
2622,0.4565717
2623,0.017204316
2624,0.22696225
2625,0.026503198
2626,0.17027134
2627,0.4994694
2628,0.079116784
2629,0.012649453
2630,0.03135238
2631,0.07090388
2632,0.0051689288
2633,0.0054035643
2634,0.0367656
2635,0.07266887
2636,0.02457337
2637,0.9471013
2638,0.015108717
2639,0.01896109
2640,0.18781863
2641,0.103872314
2642,0.029575383
2643,0.02882487
2644,0.06373826
2645,0.043542296
2646,0.013943217
2647,0.7936269
2648,0.4723827
2649,0.013193833
2650,0.47559255
2651,0.05547976
2652,0.027038964
2653,0.046344027
2654,0.0072620534
2655,0.018585842
2656,0.23765893
2657,0.07918051
2658,0.016281659
2659,0.94055784
2660,0.90141135
2661,0.0076648733
2662,0.21401516
2663,0.015449671
2664,0.12588748
2665,0.008174238
2666,0.004949469
2667,0.7355469
2668,0.05636074
2669,0.08493298
2670,0.041461993
2671,0.011320938
2672,0.008111326
2673,0.25579378
2674,0.021090938
2675,0.021521013
2676,0.04378878
2677,0.20885846
2678,0.0036583568
2679,0.008830785
2680,0.0097770775
2681,0.010686883
2682,0.034325838
2683,0.017298328
2684,0.01019697
2685,0.03334212
2686,0.17852452
2687,0.163401
2688,0.05730771
2689,0.013745512
2690,0.14553726
2691,0.014348139
2692,0.012831614
2693,0.04394443
2694,0.9317385
2695,0.085257314
2696,0.00715594
2697,0.056340586
2698,0.18434611
2699,0.044143274
2700,0.2990184
2701,0.022885308
2702,0.18990411
2703,0.026336253
2704,0.04629134
2705,0.079215124
2706,0.056726374
2707,0.7301668
2708,0.007820237
2709,0.044639062
2710,0.008923809
2711,0.052620765
2712,0.56050587
2713,0.0024565624
2714,0.08202811
2715,0.11053128
2716,0.9175046
2717,0.02125351
2718,0.90109783
2719,0.053339776
2720,0.016045144
2721,0.046273455
2722,0.0804377
2723,0.032469217
2724,0.17667529
2725,0.29975346
2726,0.053180054
2727,0.16658823
2728,0.017153667
2729,0.04208149
2730,0.577686
2731,0.009107758
2732,0.42423198
2733,0.13646893
2734,0.010365386
2735,0.088483274
2736,0.04223123
2737,0.046077102
2738,0.16119269
2739,0.038588073
2740,0.02647278
2741,0.21389222
2742,0.057478607
2743,0.056036837
2744,0.099378206
2745,0.09672387
2746,0.022302948
2747,0.09782128
2748,0.07766644
2749,0.13904744
2750,0.010118769
2751,0.05977161
2752,0.1891879
2753,0.059506416
2754,0.028392646
2755,0.10565729
2756,0.08185495
2757,0.07663947
2758,0.042546578
2759,0.02444325
2760,0.04886242
2761,0.052957013
2762,0.0060659745
2763,0.06852535
2764,0.2697143
2765,0.052701626
2766,0.071925774
2767,0.04161064
2768,0.39071706
2769,0.061018515
2770,0.06489912
2771,0.2280427
2772,0.031259876
2773,0.048444137
2774,0.016186453
2775,0.08724039
2776,0.94755846
2777,0.0044420557
2778,0.007766838
2779,0.0021884758
2780,0.33822408
2781,0.052779444
2782,0.038798828
2783,0.18362077
2784,0.036832858
2785,0.122889094
2786,0.058542714
2787,0.056023836
2788,0.1728254
2789,0.21838152
2790,0.0030130818
2791,0.018070184
2792,0.024666604
2793,0.1445985
2794,0.79282147
2795,0.044319946
2796,0.094300866
2797,0.015555759
2798,0.011384246
2799,0.13209745
2800,0.15278468
2801,0.028828612
2802,0.09643885
2803,0.12724309
2804,0.02066538
2805,0.03718659
2806,0.4958706
2807,0.7685318
2808,0.003269377
2809,0.059171956
2810,0.050869364
2811,0.011482983
2812,0.123367615
2813,0.040722072
2814,0.09771806
2815,0.21585466
2816,0.17507844
2817,0.90579003
2818,0.23117125
2819,0.08844032
2820,0.014746076
2821,0.17773484
2822,0.064692624
2823,0.011731401
2824,0.091167904
2825,0.2126483
2826,0.046816304
2827,0.017949238
2828,0.4013087
2829,0.021055344
2830,0.07035739
2831,0.008529288
2832,0.0394737
2833,0.020001855
2834,0.012455282
2835,0.023396451
2836,0.03121945
2837,0.24857023
2838,0.4522742
2839,0.5426599
2840,0.04512772
2841,0.02193005
2842,0.049086493
2843,0.14196154
2844,0.029378278
2845,0.05112246
2846,0.13316575
2847,0.9791362
2848,0.06142964
2849,0.30767044
2850,0.057384335
2851,0.042304296
2852,0.02276827
2853,0.15257233
2854,0.050858177
2855,0.013705801
2856,0.03101277
2857,0.09348204
2858,0.14802901
2859,0.073394895
2860,0.10288665
2861,0.040276915
2862,0.034227014
2863,0.22469158
2864,0.055201147
2865,0.7674379
2866,0.036850248
2867,0.14672363
2868,0.082506545
2869,0.20272486
2870,0.04662829
2871,0.06770999
2872,0.009044763
2873,0.07648609
2874,0.09197517
2875,0.045230746
2876,0.07135974
2877,0.033147063
2878,0.014510745
2879,0.0413302
2880,0.049638227
2881,0.033108477
2882,0.10739068
2883,0.0563849
2884,0.07577139
2885,0.04181394
2886,0.017127978
2887,0.116554216
2888,0.09826187
2889,0.96153504
2890,0.18733104
2891,0.14892158
2892,0.017120337
2893,0.65272564
2894,0.07814377
2895,0.045861047
2896,0.9108155
2897,0.07919787
2898,0.028637042
2899,0.0055219126
2900,0.06486406
2901,0.042576015
2902,0.10792281
2903,0.099781744
2904,0.069523886
2905,0.04273076
2906,0.121983215
2907,0.017619206
2908,0.04793781
2909,0.016722346
2910,0.01894792
2911,0.015197347
2912,0.7613807
2913,0.008095167
2914,0.09314978
2915,0.9878131
2916,0.31671298
2917,0.10482727
2918,0.101330414
2919,0.020701783
2920,0.5925478
2921,0.058757145
2922,0.099789634
2923,0.7904419
2924,0.011815951
2925,0.11507333
2926,0.12532826
2927,0.4087023
2928,0.0866738
2929,0.94514096
2930,0.09260919
2931,0.02023889
2932,0.10144817
2933,0.08486344
2934,0.39059827
2935,0.016298557
2936,0.01844885
2937,0.021031698
2938,0.22943605
2939,0.51716334
2940,0.069926016
2941,0.048504014
2942,0.023401292
2943,0.0055275685
2944,0.051866747
2945,0.5806805
2946,0.44349262
2947,0.0318247
2948,0.02056786
2949,0.026419697
2950,0.047696903
2951,0.09512224
2952,0.56235635
2953,0.5343507
2954,0.26991463
2955,0.112169474
2956,0.1643042
2957,0.009216182
2958,0.26776722
2959,0.009302993
2960,0.06485263
2961,0.16485265
2962,0.049990427
2963,0.17496932
2964,0.11471833
2965,0.043489918
2966,0.011436932
2967,0.16471672
2968,0.24315469
2969,0.023334492
2970,0.025295913
2971,0.093067035
2972,0.08002436
2973,0.13589688
2974,0.011486822
2975,0.049228806
2976,0.8735775
2977,0.041380536
2978,0.030017167
2979,0.15927738
2980,0.1376709
2981,0.018808782
2982,0.011286975
2983,0.046738133
2984,0.24638435
2985,0.0063737556
2986,0.05173251
2987,0.103142485
2988,0.17843953
2989,0.064445056
2990,0.016628586
2991,0.03394253
2992,0.81069136
2993,0.047512054
2994,0.1348609
2995,0.03842722
2996,0.8951478
2997,0.9454797
2998,0.7790822
2999,0.046289254
3000,0.07918552
3001,0.14624083
3002,0.1873276
3003,0.0863582
3004,0.0282644
3005,0.13479027
3006,0.5516391
3007,0.0041359668
3008,0.06891856
3009,0.06971758
3010,0.18507901
3011,0.04982077
3012,0.5473938
3013,0.049164604
3014,0.22301699
3015,0.032875646
3016,0.04278486
3017,0.10995967
3018,0.22863902
3019,0.031855617
3020,0.06821903
3021,0.078737035
3022,0.0989003
3023,0.10097943
3024,0.03079829
3025,0.021898238
3026,0.11248852
3027,0.17473614
3028,0.012582186
3029,0.18212414
3030,0.024199896
3031,0.0716831
3032,0.068594456
3033,0.020647068
3034,0.412322
3035,0.061837964
3036,0.090668306
3037,0.09710183
3038,0.27037814
3039,0.08429522
3040,0.010856672
3041,0.09707325
3042,0.27561933
3043,0.2609478
3044,0.95451146
3045,0.32279032
3046,0.04742449
3047,0.0776463
3048,0.06916645
3049,0.8132155
3050,0.015008388
3051,0.03854667
3052,0.05461631
3053,0.102821134
3054,0.046044666
3055,0.08183641
3056,0.0688412
3057,0.2415021
3058,0.52802104
3059,0.12795588
3060,0.8602517
3061,0.2732034
3062,0.027240494
3063,0.5621039
3064,0.051182676
3065,0.01441655
3066,0.016858472
3067,0.04692157
3068,0.0072391573
3069,0.032226197
3070,0.25998804
3071,0.20661929
3072,0.89150393
3073,0.089860894
3074,0.0053940294
3075,0.041880835
3076,0.08260561
3077,0.49956405
3078,0.05395847
3079,0.008218311
3080,0.72737557
3081,0.17054166
3082,0.04193083
3083,0.1156481
3084,0.024736382
3085,0.01176531
3086,0.16323026
3087,0.009868125
3088,0.14253405
3089,0.039158426
3090,0.04449531
3091,0.015098948
3092,0.037562445
3093,0.15093023
3094,0.05686798
3095,0.15121226
3096,0.05137826
3097,0.08269426
3098,0.042176656
3099,0.06326424
3100,0.5539784
3101,0.022640707
3102,0.19930556
3103,0.024386728
3104,0.33648166
3105,0.09756915
3106,0.17242229
3107,0.078139134
3108,0.046591077
3109,0.15115881
3110,0.18492772
3111,0.21252134
3112,0.20323977
3113,0.19131485
3114,0.21762398
3115,0.06975794
3116,0.18076597
3117,0.234051
3118,0.0392978
3119,0.72515315
3120,0.21680209
3121,0.15331629
3122,0.15367427
3123,0.09385021
3124,0.15701109
3125,0.007913467
3126,0.1641995
3127,0.11332873
3128,0.9598257
3129,0.13151385
3130,0.011772702
3131,0.06333819
3132,0.91261375
3133,0.29031053
3134,0.87889403
3135,0.20793864
3136,0.03677704
3137,0.031784054
3138,0.024863672
3139,0.018185928
3140,0.7436123
3141,0.739777
3142,0.075281024
3143,0.04715691
3144,0.06997882
3145,0.16420102
3146,0.017299933
3147,0.10305679
3148,0.089164846
3149,0.016496345
3150,0.0784854
3151,0.6654648
3152,0.070202015
3153,0.9670809
3154,0.027667556
3155,0.33916256
3156,0.041514073
3157,0.046341263
3158,0.095167495
3159,0.05726696
3160,0.028534198
3161,0.037902717
3162,0.10963393
3163,0.058560997
3164,0.0042943344
3165,0.043761257
3166,0.08987615
3167,0.100596204
3168,0.91587836
3169,0.31314915
3170,0.98536956
3171,0.1670216
3172,0.45357925
3173,0.008685038
3174,0.035583425
3175,0.36327523
3176,0.03678283
3177,0.36994445
3178,0.027082432
3179,0.049032036
3180,0.110773616
3181,0.013031678
3182,0.6844623
3183,0.04990344
3184,0.04178078
3185,0.02049322
3186,0.119116805
3187,0.09979712
3188,0.11969138
3189,0.84965307
3190,0.02373495
3191,0.013452203
3192,0.028690083
3193,0.021407297
3194,0.06226258
3195,0.042921707
3196,0.036419008
3197,0.06473204
3198,0.2936148
3199,0.6418653
3200,0.16261683
3201,0.024059601
3202,0.12188974
3203,0.0059770364
3204,0.10129499
3205,0.41523832
3206,0.08034565
3207,0.14669855
3208,0.026804455
3209,0.18167207
3210,0.16228755
3211,0.09687719
3212,0.054638054
3213,0.15438671
3214,0.024423443
3215,0.30825344
3216,0.35851768
3217,0.042407498
3218,0.036491472
3219,0.03969849
3220,0.04299851
3221,0.13841097
3222,0.021456713
3223,0.108775444
3224,0.032829873
3225,0.043194912
3226,0.12688076
3227,0.019355971
3228,0.07443368
3229,0.52811086
3230,0.019246597
3231,0.014168009
3232,0.017135022
3233,0.043278825
3234,0.76184964
3235,0.32371137
3236,0.59308666
3237,0.1738951
3238,0.054915287
3239,0.033153564
3240,0.07160036
3241,0.050615028
3242,0.2239778
3243,0.0138476845
3244,0.04876472
3245,0.37934896
3246,0.5080656
3247,0.060119692
3248,0.025466606
3249,0.037856616
3250,0.10745261
3251,0.037854213
3252,0.036017727
3253,0.046818383
3254,0.15991211
3255,0.006905559
3256,0.037282534
3257,0.012117931
3258,0.6937965
3259,0.017800296
3260,0.6587094
3261,0.92984074
3262,0.073439874
3263,0.06201582
3264,0.085449815
3265,0.102943756
3266,0.12147275
3267,0.032293607
3268,0.82733035
3269,0.038979333
3270,0.035490558
3271,0.15536566
3272,0.088646464
3273,0.015763966
3274,0.043143984
3275,0.537186
3276,0.00799235
3277,0.872866
3278,0.5135913
3279,0.8639312
3280,0.0679745
3281,0.12966946
3282,0.0385668
3283,0.10818579
3284,0.8641325
3285,0.05979451
3286,0.1607222
3287,0.16866468
3288,0.26192376
3289,0.088680185
3290,0.098684154
3291,0.17599493
3292,0.042530317
3293,0.27533746
3294,0.014960353
3295,0.033701994
3296,0.17165844
3297,0.04884056
3298,0.048506692
3299,0.079133004
3300,0.35728428
3301,0.023831751
3302,0.11517814
3303,0.011232519
3304,0.70534676
3305,0.8854898
3306,0.7825454
3307,0.047135767
3308,0.028755363
3309,0.0030923174
3310,0.013275304
3311,0.21642165
3312,0.34791052
3313,0.031862523
3314,0.06675583
3315,0.96488357
3316,0.0042032762
3317,0.10107205
3318,0.017344762
3319,0.016329065
3320,0.62195456
3321,0.9357627
3322,0.45534003
3323,0.11840389
3324,0.02670723
3325,0.12340774
3326,0.060749117
3327,0.057949033
3328,0.09617989
3329,0.039332353
3330,0.07355826
3331,0.06907376
3332,0.047137886
3333,0.740706
3334,0.096844114
3335,0.7637626
3336,0.43840927
3337,0.05480405
3338,0.8872512
3339,0.17845167
3340,0.36779162
3341,0.036487784
3342,0.097063944
3343,0.09340756
3344,0.3443634
3345,0.11311951
3346,0.19944294
3347,0.3049252
3348,0.072784625
3349,0.033307076
3350,0.011086316
3351,0.36164215
3352,0.14003292
3353,0.08447796
3354,0.2196717
3355,0.6996446
3356,0.020338994
3357,0.8374657
3358,0.26713642
3359,0.015441596
3360,0.06939194
3361,0.084621385
3362,0.96911824
3363,0.05468141
3364,0.038679555
3365,0.5418361
3366,0.02212474
3367,0.9182382
3368,0.2677126
3369,0.0077167107
3370,0.12865952
3371,0.036477137
3372,0.01759157
3373,0.81824815
3374,0.086552754
3375,0.2005579
3376,0.11796953
3377,0.12730105
3378,0.21353364
3379,0.07635672
3380,0.05502477
3381,0.21354271
3382,0.12636967
3383,0.9324263
3384,0.29679528
3385,0.024959916
3386,0.24719815
3387,0.49034083
3388,0.502378
3389,0.1493604
3390,0.46656653
3391,0.10898439
3392,0.08276875
3393,0.03881119
3394,0.07643186
3395,0.08669403
3396,0.27889216
3397,0.35954797
3398,0.097550154
3399,0.017090965
3400,0.0045975046
3401,0.14479578
3402,0.3744797
3403,0.11154425
3404,0.28388652
3405,0.11741974
3406,0.24334542
3407,0.07312007
3408,0.10843075
3409,0.07957829
3410,0.4197041
3411,0.027885763
3412,0.86922216
3413,0.40213904
3414,0.036527608
3415,0.053849205
3416,0.016689546
3417,0.059686698
3418,0.015938627
3419,0.055381857
3420,0.12414301
3421,0.12953262
3422,0.2071618
3423,0.74762976
3424,0.7509886
3425,0.0899991
3426,0.016155358
3427,0.037615586
3428,0.13391687
3429,0.03612657
3430,0.24671786
3431,0.020327607
3432,0.10395292
3433,0.10661351
3434,0.17349549
3435,0.163896
3436,0.23740642
3437,0.057768434
3438,0.060423777
3439,0.05577498
3440,0.051322516
3441,0.5196253
3442,0.15640718
3443,0.05568776
3444,0.05617795
3445,0.1030684
3446,0.051569775
3447,0.5036187
3448,0.23908845
3449,0.118174545
3450,0.8926987
3451,0.11014717
3452,0.63533264
3453,0.035181765
3454,0.07086122
3455,0.3718202
3456,0.045664035
3457,0.23115772
3458,0.042455744
3459,0.032071095
3460,0.07209149
3461,0.028733552
3462,0.09948301
3463,0.07087356
3464,0.028355405
3465,0.19740212
3466,0.04986732
3467,0.0203774
3468,0.71343005
3469,0.021620251
3470,0.06876138
3471,0.10972682
3472,0.04804367
3473,0.054954465
3474,0.9781287
3475,0.30415225
3476,0.032489464
3477,0.5489823
3478,0.042586654
3479,0.22656347
3480,0.2165451
3481,0.036145005
3482,0.1682983
3483,0.042142767
3484,0.05550941
3485,0.09507881
3486,0.15117633
3487,0.05897665
3488,0.047849704
3489,0.14612703
3490,0.8975247
3491,0.05243116
3492,0.42948234
3493,0.17512643
3494,0.14539684
3495,0.26733944
3496,0.01478909
3497,0.14037985
3498,0.05890921
3499,0.33506018
3500,0.9015845
3501,0.08586281
3502,0.12915158
3503,0.051818445
3504,0.04239292
3505,0.04606789
3506,0.7216062
3507,0.17222717
3508,0.01934379
3509,0.32117382
3510,0.07056971
3511,0.05249008
3512,0.06469838
3513,0.26556104
3514,0.14240004
3515,0.30317047
3516,0.07445978
3517,0.024652429
3518,0.024641175
3519,0.29462892
3520,0.15308365
3521,0.055535067
3522,0.15536383
3523,0.055371653
3524,0.046451412
3525,0.05961539
3526,0.05776992
3527,0.035862524
3528,0.1288003
3529,0.048730366
3530,0.13769001
3531,0.035485815
3532,0.07438779
3533,0.6758049
3534,0.025065077
3535,0.072879836
3536,0.053363856
3537,0.020016737
3538,0.08025481
3539,0.059853803
3540,0.038470864
3541,0.117360525
3542,0.17354602
3543,0.08760183
3544,0.08610927
3545,0.35692233
3546,0.18523239
3547,0.017040493
3548,0.023902548
3549,0.12798727
3550,0.43392885
3551,0.1931607
3552,0.10136715
3553,0.07330799
3554,0.74605155
3555,0.14675663
3556,0.15785268
3557,0.10703644
3558,0.21675044
3559,0.08348977
3560,0.08440994
3561,0.20997018
3562,0.5696424
3563,0.06677499
3564,0.96453947
3565,0.37711218
3566,0.22192915
3567,0.04961813
3568,0.1235394
3569,0.1174318
3570,0.041396372
3571,0.061379664
3572,0.029586574
3573,0.04813556
3574,0.5457945
3575,0.042383414
3576,0.08286438
3577,0.12204654
3578,0.12195753
3579,0.16463275
3580,0.09551184
3581,0.08656485
3582,0.06651425
3583,0.068109274
3584,0.12953904
3585,0.6801453
3586,0.041424606
3587,0.028633617
3588,0.03540784
3589,0.28117105
3590,0.2206023
3591,0.5638553
3592,0.067889094
3593,0.51700455
3594,0.04698422
3595,0.028546512
3596,0.026461547
3597,0.04877419
3598,0.025314711
3599,0.28449455
3600,0.069055624
3601,0.9670887
3602,0.8880584
3603,0.075698055
3604,0.078358
3605,0.20899254
3606,0.023654832
3607,0.16724771
3608,0.082055904
3609,0.09141647
3610,0.44882154
3611,0.1715746
3612,0.11123852
3613,0.03722461
3614,0.23555325
3615,0.04660285
3616,0.8753296
3617,0.017440973
3618,0.10323311
3619,0.8293705
3620,0.33708206
3621,0.22526896
3622,0.20728628
3623,0.067860596
3624,0.058668673
3625,0.15642543
3626,0.12631257
3627,0.24915531
3628,0.23698655
3629,0.10091048
3630,0.55013436
3631,0.29882005
3632,0.90768063
3633,0.48879865
3634,0.07571375
3635,0.16748656
3636,0.6830685
3637,0.8102146
3638,0.16413105
3639,0.73904455
3640,0.12968707
3641,0.32659635
3642,0.31345704
3643,0.03566602
3644,0.014349718
3645,0.8932059
3646,0.26608035
3647,0.38329184
3648,0.29496232
3649,0.015981114
3650,0.056899257
3651,0.04419841
3652,0.54471
3653,0.13760206
3654,0.819282
3655,0.039807595
3656,0.0724118
3657,0.46651754
3658,0.23428008
3659,0.33475628
3660,0.9273301
3661,0.4297478
3662,0.019456735
3663,0.28804794
3664,0.1730521
3665,0.12020753
3666,0.06695603
3667,0.06393669
3668,0.22466666
3669,0.050915428
3670,0.020737
3671,0.37363824
3672,0.04430692
3673,0.22677942
3674,0.8361911
3675,0.5314868
3676,0.3644618
3677,0.7197312
3678,0.6185071
3679,0.036246203
3680,0.041041028
3681,0.02431511
3682,0.69229466
3683,0.059573784
3684,0.13001522
3685,0.046397503
3686,0.24695924
3687,0.1744826
3688,0.032019053
3689,0.05229377
3690,0.8237273
3691,0.18259688
3692,0.16990443
3693,0.42380747
3694,0.11251827
3695,0.2499163
3696,0.83446705
3697,0.93526596
3698,0.097524524
3699,0.25391656
3700,0.19230364
3701,0.08398534
3702,0.044992108
3703,0.10889155
3704,0.01114862
3705,0.60865784
3706,0.20019354
3707,0.17504796
3708,0.12727775
3709,0.108128734
3710,0.9178228
3711,0.19998312
3712,0.14152108
3713,0.17813705
3714,0.015355895
3715,0.8604377
3716,0.060587406
3717,0.35828543
3718,0.04147892
3719,0.09162236
3720,0.10849868
3721,0.02406251
3722,0.05129241
3723,0.11939559
3724,0.5646481
3725,0.021320337
3726,0.11585176
3727,0.04811717
3728,0.61507744
3729,0.9617874
3730,0.0853531
3731,0.053234544
3732,0.06302926
3733,0.12228264
3734,0.22435777
3735,0.04477621
3736,0.08034588
3737,0.052736457
3738,0.39654526
3739,0.06531534
3740,0.017445393
3741,0.06243956
3742,0.12495513
3743,0.7891934
3744,0.0918148
3745,0.12469353
3746,0.09455681
3747,0.08283869
3748,0.90759814
3749,0.014166678
3750,0.119187996
3751,0.07485079
3752,0.23936841
3753,0.05966523
3754,0.38787296
3755,0.16830298
3756,0.29365963
3757,0.14025573
3758,0.09169012
3759,0.15899552
3760,0.5103412
3761,0.08405692
3762,0.045045346
3763,0.063637696
3764,0.018483493
3765,0.096950606
3766,0.0753186
3767,0.115293734
3768,0.13844362
3769,0.9038504
3770,0.06037617
3771,0.055002786
3772,0.15115152
3773,0.4222232
3774,0.067116655
3775,0.18685307
3776,0.08595449
3777,0.15709028
3778,0.26958805
3779,0.06970624
3780,0.041934025
3781,0.060383406
3782,0.06415713
3783,0.7710053
3784,0.18986966
3785,0.030012472
3786,0.038763206
3787,0.025907736
3788,0.22471982
3789,0.14599165
3790,0.0983995
3791,0.10451883
3792,0.14814545
3793,0.13971171
3794,0.18411978
3795,0.22045784
3796,0.1617264
3797,0.38750663
3798,0.04534909
3799,0.02125587
3800,0.15497929
3801,0.10584526
3802,0.21733628
3803,0.17247312
3804,0.01779625
3805,0.06757078
3806,0.03153685
3807,0.022244874
3808,0.17399165
3809,0.117949486
3810,0.14537138
3811,0.3497776
3812,0.8604817
3813,0.060092285
3814,0.04576244
3815,0.27244312
3816,0.6700021
3817,0.008563294
3818,0.9154786
3819,0.059940126
3820,0.021889433
3821,0.24902397
3822,0.07448488
3823,0.3694686
3824,0.028693434
3825,0.1521353
3826,0.89091843
3827,0.14029068
3828,0.04935356
3829,0.050076563
3830,0.015743993
3831,0.8220296
3832,0.056362595
3833,0.49402523
3834,0.1058401
3835,0.14809339
3836,0.115252614
3837,0.059336156
3838,0.016830113
3839,0.7415347
3840,0.029282155
3841,0.31621143
3842,0.14924127
3843,0.02341577
3844,0.23111188
3845,0.09061821
3846,0.08196809
3847,0.4094506
3848,0.8058418
3849,0.089543
3850,0.055256087
3851,0.17588498
3852,0.23149602
3853,0.26306212
3854,0.14007856
3855,0.032680012
3856,0.22882615
3857,0.19584872
3858,0.053786423
3859,0.04785326
3860,0.049412273
3861,0.12055095
3862,0.32351643
3863,0.8641647
3864,0.028766813
3865,0.44036463
3866,0.07146507
3867,0.35424322
3868,0.04539803
3869,0.24602334
3870,0.05627106
3871,0.52798015
3872,0.035891443
3873,0.061260007
3874,0.04975945
3875,0.3653423
3876,0.048830744
3877,0.6540767
3878,0.6159804
3879,0.15509461
3880,0.0046313526
3881,0.12525532
3882,0.06272643
3883,0.14259696
3884,0.048880626
3885,0.12318077
3886,0.36897513
3887,0.48979604
3888,0.19789508
3889,0.19063163
3890,0.03896759
3891,0.84939295
3892,0.11053733
3893,0.011367143
3894,0.08009093
3895,0.7693699
3896,0.12774366
3897,0.016023507
3898,0.05039793
3899,0.51769346
3900,0.21013659
3901,0.15326373
3902,0.22464067
3903,0.020149827
3904,0.36343
3905,0.8405524
3906,0.113450795
3907,0.8318918
3908,0.115906544
3909,0.310194
3910,0.3157924
3911,0.5541283
3912,0.69218254
3913,0.11306497
3914,0.19317894
3915,0.036789462
3916,0.072613664
3917,0.23175749
3918,0.19771212
3919,0.08312297
3920,0.27879164
3921,0.27216294
3922,0.013651503
3923,0.079591945
3924,0.6099721
3925,0.40146765
3926,0.080107436
3927,0.032982744
3928,0.027263014
3929,0.12065219
3930,0.034839228
3931,0.06702259
3932,0.2002815
3933,0.48489687
3934,0.055224
3935,0.5609359
3936,0.033332158
3937,0.7621558
3938,0.34947658
3939,0.059551276
3940,0.5973592
3941,0.28049058
3942,0.39902645
3943,0.8313338
3944,0.85644495
3945,0.089569174
3946,0.04936331
3947,0.21639933
3948,0.33240888
3949,0.08601431
3950,0.066839896
3951,0.20170721
3952,0.10033064
3953,0.0681754
3954,0.47747594
3955,0.3535471
3956,0.24647665
3957,0.067774296
3958,0.5114537
3959,0.46935827
3960,0.25109437
3961,0.7888314
3962,0.07517122
3963,0.05423121
3964,0.14947928
3965,0.9434459
3966,0.16730036
3967,0.05565042
3968,0.9587355
3969,0.38424295
3970,0.3014021
3971,0.16122851
3972,0.118404716
3973,0.071815826
3974,0.25274622
3975,0.13222823
3976,0.04893255
3977,0.04961089
3978,0.9629996
3979,0.7795721
3980,0.8494506
3981,0.09284108
3982,0.108413875
3983,0.0075714733
3984,0.059969187
3985,0.312952
3986,0.92878336
3987,0.71087795
3988,0.043973193
3989,0.067861
3990,0.08232033
3991,0.015718486
3992,0.09832874
3993,0.1189377
3994,0.027816247
3995,0.84644175
3996,0.23555128
3997,0.104636736
3998,0.0062368927
3999,0.034658015
4000,0.034670264
4001,0.8053949
4002,0.045251492
4003,0.15294558
4004,0.10399216
4005,0.38352636
4006,0.21003538
4007,0.25956443
4008,0.4877265
4009,0.03212812
4010,0.2699255
4011,0.11348218
4012,0.0773834
4013,0.2481823
4014,0.06093127
4015,0.397192
4016,0.029266246
4017,0.034928575
4018,0.12505192
4019,0.56322426
4020,0.018470023
4021,0.23369087
4022,0.040152494
4023,0.09368005
4024,0.09811378
4025,0.10447432
4026,0.8735614
4027,0.37838638
4028,0.046220653
4029,0.08007402
4030,0.8521918
4031,0.038807005
4032,0.19483513
4033,0.09411547
4034,0.071271844
4035,0.054586705
4036,0.09076893
4037,0.40087342
4038,0.0741822
4039,0.70658743
4040,0.26773813
4041,0.104904525
4042,0.08970343
4043,0.011242765
4044,0.76373744
4045,0.067713104
4046,0.015388365
4047,0.076341584
4048,0.14350283
4049,0.097226694
4050,0.42237327
4051,0.061079558
4052,0.018582549
4053,0.3509203
4054,0.02575605
4055,0.57911825
4056,0.70281327
4057,0.10306693
4058,0.666282
4059,0.13618737
4060,0.08630953
4061,0.026355514
4062,0.02936614
4063,0.43821612
4064,0.19420001
4065,0.15232188
4066,0.11646046
4067,0.8846604
4068,0.5281966
4069,0.044683978
4070,0.08489889
4071,0.14603077
4072,0.37076035
4073,0.86739635
4074,0.0407444
4075,0.01840822
4076,0.37646124
4077,0.20726073
4078,0.05064917
4079,0.055987474
4080,0.060450133
4081,0.47307193
4082,0.19308715
4083,0.018766541
4084,0.42745164
4085,0.40128052
4086,0.19819218
4087,0.3620048
4088,0.25057817
4089,0.42712653
4090,0.23372555
4091,0.92619044
4092,0.0492966
4093,0.06223615
4094,0.7496984
4095,0.11717359
4096,0.11069037
4097,0.22730327
4098,0.108991705
4099,0.20114379
4100,0.07153789
4101,0.88376904
4102,0.08046601
4103,0.16526584
4104,0.87557715
4105,0.76973534
4106,0.15502277
4107,0.019292532
4108,0.25495574
4109,0.367076
4110,0.7226368
4111,0.18106061
4112,0.08706702
4113,0.56290114
4114,0.02866584
4115,0.27410257
4116,0.15275364
4117,0.31976384
4118,0.4259187
4119,0.044231005
4120,0.6781205
4121,0.5574318
4122,0.19326529
4123,0.061914276
4124,0.10360232
4125,0.042293645
4126,0.055274025
4127,0.040943347
4128,0.12398453
4129,0.5770275
4130,0.8541908
4131,0.27968326
4132,0.09497235
4133,0.1362233
4134,0.076375
4135,0.32325324
4136,0.087578654
4137,0.15571651
4138,0.13887241
4139,0.7709655
4140,0.22399466
4141,0.26996613
4142,0.1875468
4143,0.035519764
4144,0.034829542
4145,0.03513256
4146,0.9295548
4147,0.06741259
4148,0.72042775
4149,0.7456967
4150,0.15486312
4151,0.14174971
4152,0.25633946
4153,0.0629226
4154,0.10417609
4155,0.24157046
4156,0.111151464
4157,0.6578453
4158,0.13087901
4159,0.5813506
4160,0.16792767
4161,0.049122818
4162,0.080478214
4163,0.12692502
4164,0.026116407
4165,0.14526501
4166,0.5910949
4167,0.81722826
4168,0.07267686
4169,0.08445723
4170,0.361397
4171,0.9191977
4172,0.7650631
4173,0.060224004
4174,0.21885464
4175,0.18387255
4176,0.5372664
4177,0.12065461
4178,0.3912474
4179,0.16292793
4180,0.31308082
4181,0.14026763
4182,0.20665947
4183,0.11271921
4184,0.12213075
4185,0.097438335
4186,0.19243817
4187,0.17152362
4188,0.7616344
4189,0.36957502
4190,0.88845825
4191,0.06885206
4192,0.6493612
4193,0.026853943
4194,0.6680514
4195,0.18116812
4196,0.14075574
4197,0.087698475
4198,0.027210457
4199,0.18134642
4200,0.022645459
4201,0.1249175
4202,0.8657456
4203,0.30739385
4204,0.12939076
4205,0.031045092
4206,0.16954426
4207,0.8397927
4208,0.055996407
4209,0.21108271
4210,0.8416302
4211,0.024004374
4212,0.20687157
4213,0.13932005
4214,0.9202378
4215,0.57328665
4216,0.0437371
4217,0.3231316
4218,0.07085222
4219,0.20127249
4220,0.24306104
4221,0.5252614
4222,0.5537791
4223,0.057423495
4224,0.05438829
4225,0.09312771
4226,0.081688926
4227,0.15818861
4228,0.04286272
4229,0.07353826
4230,0.11365313
4231,0.0159471
4232,0.80443054
4233,0.15386164
4234,0.05604997
4235,0.8909986
4236,0.07963154
4237,0.011569243
4238,0.077936664
4239,0.11205075
4240,0.07403412
4241,0.95457584
4242,0.5971324
4243,0.19582334
4244,0.3235494
4245,0.31619704
4246,0.047196608
4247,0.35500878
4248,0.22287245
4249,0.055903565
4250,0.24690376
4251,0.023943037
4252,0.17852244
4253,0.055476643
4254,0.7097752
4255,0.11790704
4256,0.105644576
4257,0.13035478
4258,0.5196273
4259,0.06379655
4260,0.008803097
4261,0.10958093
4262,0.04617341
4263,0.022684256
4264,0.037832733
4265,0.31723648
4266,0.539362
4267,0.2472963
4268,0.6829365
4269,0.17514098
4270,0.041690424
4271,0.1440942
4272,0.028874667
4273,0.35157236
4274,0.7034774
4275,0.021863757
4276,0.15140726
4277,0.09132693
4278,0.19034676
4279,0.13661134
4280,0.081324525
4281,0.09876089
4282,0.25959906
4283,0.8851788
4284,0.062204152
4285,0.29728216
4286,0.35059488
4287,0.25584316
4288,0.23795415
4289,0.030030938
4290,0.12040345
4291,0.30009493
4292,0.024967426
4293,0.02861251
4294,0.14320344
4295,0.29150745
4296,0.01902408
4297,0.05036856
4298,0.020624159
4299,0.021835504
4300,0.45890617
4301,0.08317122
4302,0.8372453
4303,0.2539391
4304,0.88273674
4305,0.45911923
4306,0.91803867
4307,0.2704545
4308,0.0966125
4309,0.09121375
4310,0.043085065
4311,0.26347464
4312,0.11404673
4313,0.4647515
4314,0.12846042
4315,0.30731878
4316,0.6198183
4317,0.055108335
4318,0.0044645253
4319,0.75464773
4320,0.51822805
4321,0.069900595
4322,0.8924508
4323,0.12626712
4324,0.045227863
4325,0.054584224
4326,0.090918206
4327,0.16699603
4328,0.10268881
4329,0.19607233
4330,0.064082064
4331,0.49052942
4332,0.37937617
4333,0.12905325
4334,0.28584746
4335,0.18787397
4336,0.06236993
4337,0.86556226
4338,0.29539785
4339,0.26476824
4340,0.45695361
4341,0.10513785
4342,0.24332412
4343,0.07427325
4344,0.38751307
4345,0.061718903
4346,0.09392612
4347,0.38410035
4348,0.081969656
4349,0.60042745
4350,0.109519295
4351,0.23616561
4352,0.021671709
4353,0.20067148
4354,0.7130728
4355,0.28738576
4356,0.15093482
4357,0.2168602
4358,0.49755514
4359,0.9361129
4360,0.9386709
4361,0.12764817
4362,0.61545455
4363,0.071713604
4364,0.08241018
4365,0.52394176
4366,0.051058386
4367,0.22522984
4368,0.1541385
4369,0.070896104
4370,0.020132944
4371,0.17020991
4372,0.12052989
4373,0.21748868
4374,0.4353032
4375,0.11978783
4376,0.44462574
4377,0.06910315
4378,0.097122945
4379,0.10193276
4380,0.54923624
4381,0.22515304
4382,0.20187902
4383,0.1533902
4384,0.21246293
4385,0.373463
4386,0.69860715
4387,0.718357
4388,0.36705974
4389,0.044539474
4390,0.09402801
4391,0.051436257
4392,0.2993346
4393,0.9002656
4394,0.6841865
4395,0.05478047
4396,0.06479869
4397,0.31041753
4398,0.17328778
4399,0.19351454
4400,0.31310368
4401,0.06072056
4402,0.16059504
4403,0.07159605
4404,0.0953496
4405,0.0794099
4406,0.059900984
4407,0.05244259
4408,0.13711053
4409,0.09072974
4410,0.837013
4411,0.120832115
4412,0.038323693
4413,0.08866378
4414,0.7128727
4415,0.17396484
4416,0.2032914
4417,0.3526222
4418,0.0120359035
4419,0.57724077
4420,0.8076366
4421,0.92112476
4422,0.1958258
4423,0.029213335
4424,0.11052643
4425,0.02990063
4426,0.32949054
4427,0.367247
4428,0.87268066
4429,0.04904379
4430,0.5787604
4431,0.7251986
4432,0.14537178
4433,0.8234748
4434,0.28785524
4435,0.74188024
4436,0.031522103
4437,0.34168082
4438,0.64278466
4439,0.33807844
4440,0.93862724
4441,0.66988
4442,0.06761689
4443,0.23757754
4444,0.05758328
4445,0.11608627
4446,0.07164442
4447,0.9682947
4448,0.355677
4449,0.15033168
4450,0.047650393
4451,0.12316303
4452,0.09541502
4453,0.076575436
4454,0.048229396
4455,0.09361366
4456,0.09549727
4457,0.015603698
4458,0.05870051
4459,0.086225815
4460,0.07065348
4461,0.1262536
4462,0.10074287
4463,0.11950122
4464,0.84780294
4465,0.16726352
4466,0.35034162
4467,0.06802826
4468,0.89683247
4469,0.840372
4470,0.79538155
4471,0.120615624
4472,0.011909285
4473,0.08206583
4474,0.17440283
4475,0.13737163
4476,0.7046753
4477,0.07703704
4478,0.2346804
4479,0.30852354
4480,0.18869658
4481,0.50565594
4482,0.30479726
4483,0.82515186
4484,0.22588243
4485,0.19451736
4486,0.21206082
4487,0.100443475
4488,0.12853988
4489,0.16826922
4490,0.4744341
4491,0.2816076
4492,0.8012595
4493,0.42939782
4494,0.38825533
4495,0.18319422
4496,0.033653155
4497,0.09381753
4498,0.15061899
4499,0.062507205
4500,0.06762459
4501,0.08243245
4502,0.19078475
4503,0.13699372
4504,0.37551597
4505,0.26314688
4506,0.09330266
4507,0.23468786
4508,0.47939944
4509,0.33529767
4510,0.112375356
4511,0.07042117
4512,0.22940058
4513,0.6814741
4514,0.16606826
4515,0.15939163
4516,0.15622072
4517,0.09903137
4518,0.030391142
4519,0.6533879
4520,0.15280357
4521,0.16300514
4522,0.12346263
4523,0.5248685
4524,0.10626621
4525,0.5320694
4526,0.17519756
4527,0.07846489
4528,0.03345014
4529,0.14027922
4530,0.39832023
4531,0.54473615
4532,0.2761367
4533,0.3444938
4534,0.06480986
4535,0.11742981
4536,0.39456603
4537,0.09275873
4538,0.049000062
4539,0.8238444
4540,0.15772821
4541,0.08213265
4542,0.012675555
4543,0.24615699
4544,0.18882807
4545,0.15813375
4546,0.6172692
4547,0.08086856
4548,0.5446193
4549,0.030594558
4550,0.5877512
4551,0.18050705
4552,0.32037097
4553,0.13839601
4554,0.71904874
4555,0.49188244
4556,0.16491424
4557,0.013734837
4558,0.08382924
4559,0.2130854
4560,0.1007858
4561,0.071531884
4562,0.1859016
4563,0.79568785
4564,0.23690072
4565,0.2429915
4566,0.09280094
4567,0.013714171
4568,0.3306299
4569,0.11785281
4570,0.0639291
4571,0.12737447
4572,0.03862002
4573,0.15343785
4574,0.7474724
4575,0.91313535
4576,0.117027245
4577,0.062107205
4578,0.1760585
4579,0.5054655
4580,0.79454565
4581,0.043616377
4582,0.06033853
4583,0.14504436
4584,0.8002495
4585,0.9283363
4586,0.17071551
4587,0.103525385
4588,0.26186714
4589,0.386243
4590,0.18453573
4591,0.04858197
4592,0.76715344
4593,0.8107163
4594,0.9054916
4595,0.13677952
4596,0.6431496
4597,0.1367647
4598,0.24735391
4599,0.39508164
4600,0.37393686
4601,0.16121504
4602,0.10880955
4603,0.054775447
4604,0.061090752
4605,0.018529812
4606,0.021458747
4607,0.14719018
4608,0.22016875
4609,0.49964717
4610,0.12631452
4611,0.38516706
4612,0.018675154
4613,0.18864937
4614,0.12722556
4615,0.4057337
4616,0.29577982
4617,0.28580365
4618,0.09403786
4619,0.31423974
4620,0.14124343
4621,0.31629002
4622,0.6806994
4623,0.2642503
4624,0.1878719
4625,0.23358849
4626,0.08365588
4627,0.8549768
4628,0.088796414
4629,0.033023924
4630,0.15470766
4631,0.07563207
4632,0.44474116
4633,0.17366444
4634,0.08553961
4635,0.10487308
4636,0.2019739
4637,0.050638773
4638,0.9161558
4639,0.38651326
4640,0.27551863
4641,0.4806794
4642,0.7023507
4643,0.25498003
4644,0.33281282
4645,0.23093209
4646,0.25459373
4647,0.30830112
4648,0.8173349
4649,0.05413572
4650,0.065066956
4651,0.8040405
4652,0.081356004
4653,0.0662127
4654,0.7640947
4655,0.090813555
4656,0.025509754
4657,0.11883222
4658,0.22015566
4659,0.5817866
4660,0.29208618
4661,0.12895738
4662,0.060049005
4663,0.36282027
4664,0.078585245
4665,0.20550185
4666,0.2440265
4667,0.8272914
4668,0.37274677
4669,0.24992229
4670,0.11301886
4671,0.4482693
4672,0.10590259
4673,0.11646079
4674,0.7891903
4675,0.086015895
4676,0.411155
4677,0.23601656
4678,0.116365865
4679,0.054038193
4680,0.09735885
4681,0.6245899
4682,0.033315603
4683,0.12608522
4684,0.12203895
4685,0.09343831
4686,0.056515887
4687,0.87820524
4688,0.21528006
4689,0.3420563
4690,0.20694132
4691,0.21231067
4692,0.03237556
4693,0.087905295
4694,0.16099328
4695,0.59978235
4696,0.062211502
4697,0.141061
4698,0.70804125
4699,0.6157766
4700,0.4855666
4701,0.2871944
4702,0.2841054
4703,0.15936999
4704,0.8287788
4705,0.72395366
4706,0.48096487
4707,0.9019935
4708,0.059972823
4709,0.40415263
4710,0.58747184
4711,0.22643188
4712,0.06677678
4713,0.4402853
4714,0.080794126
4715,0.56217104
4716,0.058838237
4717,0.32901493
4718,0.27914655
4719,0.083566315
4720,0.13975245
4721,0.12701204
4722,0.70926595
4723,0.11711319
4724,0.8822906
4725,0.10601639
4726,0.62395656
4727,0.69981116
4728,0.1618412
4729,0.29570538
4730,0.23248902
4731,0.07357601
4732,0.8223227
4733,0.34568226
4734,0.28627253
4735,0.30611396
4736,0.79922265
4737,0.40548503
4738,0.6060917
4739,0.9528684
4740,0.44557744
4741,0.020388566
4742,0.5650803
4743,0.019836906
4744,0.080708824
4745,0.47396645
4746,0.06653915
4747,0.07954534
4748,0.19461967
4749,0.669868
4750,0.82786775
4751,0.6565587
4752,0.1298886
4753,0.90920854
4754,0.2596656
4755,0.5554149
4756,0.041191623
4757,0.21131957
4758,0.0947527
4759,0.0275253
4760,0.088941604
4761,0.08194792
4762,0.0914573
4763,0.96657604
4764,0.024593601
4765,0.22756083
4766,0.037083674
4767,0.59280354
4768,0.28318557
4769,0.52165234
4770,0.07930489
4771,0.034206245
4772,0.19494054
4773,0.021692777
4774,0.15499115
4775,0.309442
4776,0.19012545
4777,0.06190958
4778,0.35160974
4779,0.057575606
4780,0.20642638
4781,0.7342801
4782,0.20883408
4783,0.7789678
4784,0.24773926
4785,0.9610633
4786,0.33644888
4787,0.18009782
4788,0.47721145
4789,0.6735177
4790,0.6054053
4791,0.6445022
4792,0.074650295
4793,0.16196857
4794,0.033918146
4795,0.11721662
4796,0.2727189
4797,0.20786425
4798,0.48208025
4799,0.13547912
4800,0.2861761
4801,0.04971626
4802,0.10432165
4803,0.95971024
4804,0.55673796
4805,0.27118245
4806,0.11047072
4807,0.0962206
4808,0.032375358
4809,0.16594741
4810,0.739195
4811,0.8873292
4812,0.8551608
4813,0.12958182
4814,0.08167204
4815,0.86344635
4816,0.01656062
4817,0.3017588
4818,0.1494383
4819,0.04973311
4820,0.11946446
4821,0.33786884
4822,0.7307026
4823,0.6336019
4824,0.8874678
4825,0.729273
4826,0.069684595
4827,0.687092
4828,0.83748406
4829,0.09628063
4830,0.38849902
4831,0.1626662
4832,0.32550934
4833,0.5564982
4834,0.055186506
4835,0.35531405
4836,0.42696908
4837,0.38393283
4838,0.06389013
4839,0.21446416
4840,0.014110576
4841,0.9069228
4842,0.08492112
4843,0.39969483
4844,0.110929236
4845,0.02043482
4846,0.15109615
4847,0.5356389
4848,0.78631365
4849,0.7338449
4850,0.19319667
4851,0.21475405
4852,0.23621868
4853,0.093092225
4854,0.04154004
4855,0.75617784
4856,0.07673674
4857,0.17259394
4858,0.03744838
4859,0.023732962
4860,0.16422443
4861,0.3314721
4862,0.78208643
4863,0.18541406
4864,0.40698987
4865,0.68665737
4866,0.41566414
4867,0.18021575
4868,0.1010907
4869,0.03669958
4870,0.23115747
4871,0.85266113
4872,0.24258503
4873,0.89033854
4874,0.020727992
4875,0.2877186
4876,0.20778464
4877,0.9186651
4878,0.106987454
4879,0.7013071
4880,0.030801773
4881,0.04322376
4882,0.7181541
4883,0.081820905
4884,0.09632873
4885,0.45794576
4886,0.18057945
4887,0.52898914
4888,0.3954518
4889,0.096844114
4890,0.065610304
4891,0.5046005
4892,0.16760737
4893,0.31875402
4894,0.13936888
4895,0.36386406
4896,0.8379928
4897,0.20912091
4898,0.1853221
4899,0.3775353
4900,0.11149798
4901,0.65463597
4902,0.08425028
4903,0.3472096
4904,0.15606654
4905,0.32782158
4906,0.040635392
4907,0.1480697
4908,0.07011468
4909,0.023217535
4910,0.34364343
4911,0.3915035
4912,0.7418542
4913,0.07940435
4914,0.11012422
4915,0.32261053
4916,0.37777692
4917,0.060221925
4918,0.122278966
4919,0.59336877
4920,0.7092164
4921,0.63667566
4922,0.4711199
4923,0.26428017
4924,0.45437768
4925,0.1378102
4926,0.036013316
4927,0.30225635
4928,0.072308436
4929,0.02989901
4930,0.3553292
4931,0.43963152
4932,0.34444982
4933,0.16160454
4934,0.09590032
4935,0.05643072
4936,0.15779138
4937,0.16769412
4938,0.83807063
4939,0.25839183
4940,0.33792654
4941,0.45687243
4942,0.26973343
4943,0.0651208
4944,0.4808858
4945,0.18948342
4946,0.10619962
4947,0.16264185
4948,0.021340858
4949,0.2850518
4950,0.14020145
4951,0.0990414
4952,0.06295124
4953,0.25938442
4954,0.06539313
4955,0.26970813
4956,0.29742134
4957,0.08441643
4958,0.16950779
4959,0.2109098
4960,0.4351911
4961,0.1417234
4962,0.3100472
4963,0.71420264
4964,0.05347791
4965,0.48272812
4966,0.31997907
4967,0.61679226
4968,0.7889904
4969,0.84117395
4970,0.8248685
4971,0.9172452
4972,0.12565786
4973,0.4638397
4974,0.35227552
4975,0.60188967
4976,0.035405133
4977,0.008825114
4978,0.2541145
4979,0.45065662
4980,0.21454152
4981,0.159758
4982,0.5141958
4983,0.19748928
4984,0.31546143
4985,0.19117114
4986,0.3367038
4987,0.02561011
4988,0.5275472
4989,0.16271618
4990,0.27830577
4991,0.42474172
4992,0.05202559
4993,0.7643161
4994,0.18036388
4995,0.5161123
4996,0.1208825
4997,0.16228488
4998,0.056091335
4999,0.15935789
